no	date	views	recs	comments	query	title	author
82153	12:40	조회 137	추천0	5	그마	아레나 티켓 좀 안고쳐주나	ㅇㅇ(220.81)
81239	10.05	조회 82	추천0	0	그마	3일째 플레이트 노강중	ㅇㅇ
81017	10.05	조회 82	추천0	0	그마	그마 중간에 라인에 껴있다고 바리오방덱으로 따먹으려하네	청소부맛쿠..
80265	10.03	조회 280	추천0	4	그마	근데 완전 씹상위권들은 아레나 누가 쳤는지 다 확인하면서 침?	ㅇㅇ(175.125)
80150	10.03	조회 305	추천0	4	그마	회피덱 극 상위권에서도 통하는거임??	청소부맛쿠..
78585	09.30	조회 46	추천0	0	그마	솔직히	ㅇㅇ(122.35)
78187	09.30	조회 383	추천0	3	그마	와레나 쌀숭이덱 그마 찍먹함	스파클
77484	09.28	조회 977	추천0	11	그마	바리공주는 ㄹㅇ 필요 없긴 하네	ㅇㅇ
77366	09.28	조회 100	추천0	0	그마	그마 2 등반성공	밮
77290	09.28	조회 206	추천0	2	그마	와레나 그마 는 절대 못가겠네	화이트초코..
77255	09.28	조회 234	추천0	5	그마	in125 길드 들어와서 토벌 대충 치는 밥버러지들 참수 마렵네	ㅇㅇ(106.101)
76100	09.26	조회 2048	추천0	0	그마	일반 아레나 깔개들은 방덱 열어놓는게 서로 좋다	ㅇㅇ
76052	09.26	조회 84	추천0	0	그마	슬슬 도파민 부족하네	ㅇㅇ(49.161)
72992	09.23	조회 550	추천1	6	그마	아레나 9위의 역습	크로노입니..
72986	09.23	조회 213	추천0	2	그마	첫 그마 2 마감	ㅇㅇ
72977	09.23	조회 812	추천2	18	그마	회피덱으로 첫 그마 2 등반 후 마무리	밮
72956	09.23	조회 143	추천0	4	그마	아 드디어 나도 그마	측율
72940	09.23	조회 70	추천0	0	그마	그마 딱 마무리	호날두의쌀..
72789	09.22	조회 104	추천0	0	그마	첫 그마 2	ㅇㅇ
72576	09.22	조회 190	추천0	3	그마	드디어 8일전에 뽑은 스가 스증 이터널 목걸이 반지를 끼는구나	ㅇㅇ(211.214)
