크럼블 토벌전	Zvwet0mrkuU	1일 전	조회수 10,334회	1:28	VART	쿠키런 크럼블 토벌전 덱 무과금 최신 공략
크럼블 토벌전	n9Ow31R9Vys	3일 전	조회수 17,385회	1:27	VART	쿠키런 크럼블 스테이지 덱 오토 최신 공략 조합(300 스테 이상도 가능)
크럼블 토벌전	CDrrPsquK-o	9일 전	조회수 17,895회	3:49	누리머 Noorimer	[쿠키런 크럼블] 길드토벌전 1700억 고득점 덱 공략 ft. 체리맛 쿠키
크럼블 토벌전	tZJ5wzhcUA8	2일 전	조회수 41,766회	6:08	ND러너	쿠키런 크럼블 최신 스테이지 최고 조합 바리공주 기준
크럼블 토벌전	hnvT2o5cU20	1일 전	조회수 8,937회	3:10	서신우	[쿠키런크럼블] 길드 토벌전 544G 공략 (와사비 공격력 조절)
크럼블 토벌전	yadnyiJP1mk	3주 전	조회수 50,714회	8:01	ND러너	쿠키런 크럼블 "가장 쉽고" 고득점 100G이상 피냐타 길드 토벌전 공략 가이드
크럼블 토벌전	a-c5ZD-Apmk	11일 전	조회수 10,410회	2:38	그니	쿠키런 크럼블 길드 토벌전 고득점 공략
크럼블 토벌전	UZf0DkMqGJM	9일 전	조회수 9,014회	3:47	서신우	[쿠키런크럼블] 길드 토벌전 1,058억 공략 (체리)
크럼블 토벌전	HuI2hIlEmyI	3주 전	조회수 22,161회	2:33	누리머 Noorimer	[쿠키런 크럼블] 길드토벌전 고득점 덱 공략 ft. 치즈케이크맛 쿠키 운빨
크럼블 토벌전	XeD4c3AuQAs	9일 전	조회수 30,885회	6:19	ND러너	쿠키런 크럼블 "황금갓방울 크럼블던전" 1800억 이상 고득점 공략 가이드 완결판
크럼블 토벌전	W03GvbKfk44	2주 전	조회수 18,073회	2:37	서신우	[쿠키런크럼블] 길드 토벌전 654억 공략 (딸크 최신화)
크럼블 토벌전	4v2xDWV13fg	6시간 전	조회수 2,669회	1:52	VART	쿠키런 크럼블 크럼블 던전 공략(250G 공략)
크럼블 토벌전	nQmoWQn1TCY	2일 전	조회수 23,870회	1:27	누리머 Noorimer	[쿠키런 크럼블] 덱 1개로 전부 끝내는 일일던전 조합 최신 공략 ft. 달토끼맛 쿠키
크럼블 토벌전	TQViIb7NOh8	1일 전	조회수 11,192회	1:02	VART	쿠키런 크럼블 스테이지 덱 최신 공략(바리체콜 손컨&오토덱)
크럼블 토벌전	yeICL4cCLZU	2일 전	조회수 16,951회	5:43	서신우	[쿠키런크럼블] 길드 토벌전 513G 공략 (가속)
크럼블 토벌전	UF6zcIkbh_8	2주 전	조회수 33,828회	9:18	ND러너	쿠키런 크럼블 "황금갓방울 던전" 50G이상 팁 공략 가이드
크럼블 토벌전	0BP5FN-BqEY	10일 전	조회수 13,650회	2:09	서신우	[쿠키런크럼블] 길드 토벌전 957억 공략 (치즈)
크럼블 토벌전	UYa8E0YEho8	6일 전	조회수 5,819회	2:13	누리머 Noorimer	[쿠키런 크럼블] 길드토벌전 345G 고득점 덱 공략 (슈가룬 세팅)
크럼블 토벌전	ZjPH1YEbDnA	1일 전	조회수 7,001회	2:54	누리머 Noorimer	[쿠키런 크럼블] 길드토벌전 600G 고득점 덱 공략 (슈가룬 세팅)
크럼블 토벌 2조	n9Ow31R9Vys	3일 전	조회수 17,385회	1:27	VART	쿠키런 크럼블 스테이지 덱 오토 최신 공략 조합(300 스테 이상도 가능)
크럼블 토벌 2조	CDrrPsquK-o	9일 전	조회수 17,895회	3:49	누리머 Noorimer	[쿠키런 크럼블] 길드토벌전 1700억 고득점 덱 공략 ft. 체리맛 쿠키
크럼블 토벌 2조	Zvwet0mrkuU	1일 전	조회수 10,334회	1:28	VART	쿠키런 크럼블 토벌전 덱 무과금 최신 공략
크럼블 토벌 2조	HuI2hIlEmyI	3주 전	조회수 22,169회	2:33	누리머 Noorimer	[쿠키런 크럼블] 길드토벌전 고득점 덱 공략 ft. 치즈케이크맛 쿠키 운빨
크럼블 토벌 2조	TQViIb7NOh8	1일 전	조회수 11,192회	1:02	VART	쿠키런 크럼블 스테이지 덱 최신 공략(바리체콜 손컨&오토덱)
크럼블 토벌 2조	4v2xDWV13fg	6시간 전	조회수 2,669회	1:52	VART	쿠키런 크럼블 크럼블 던전 공략(250G 공략)
크럼블 토벌 2조	XeD4c3AuQAs	9일 전	조회수 30,885회	6:19	ND러너	쿠키런 크럼블 "황금갓방울 크럼블던전" 1800억 이상 고득점 공략 가이드 완결판
크럼블 토벌 2조	N-J2hqZGhwA	2일 전	조회수 6,297회	1:20	VART	쿠키런 크럼블 장비 세팅 초간단 최신 공략
크럼블 토벌 2조	yadnyiJP1mk	3주 전	조회수 50,714회	8:01	ND러너	쿠키런 크럼블 "가장 쉽고" 고득점 100G이상 피냐타 길드 토벌전 공략 가이드
크럼블 토벌 2조	ZjPH1YEbDnA	1일 전	조회수 7,001회	2:54	누리머 Noorimer	[쿠키런 크럼블] 길드토벌전 600G 고득점 덱 공략 (슈가룬 세팅)
크럼블 토벌 2조	a-c5ZD-Apmk	11일 전	조회수 10,410회	2:38	그니	쿠키런 크럼블 길드 토벌전 고득점 공략
크럼블 토벌 2조	UZf0DkMqGJM	9일 전	조회수 9,014회	3:47	서신우	[쿠키런크럼블] 길드 토벌전 1,058억 공략 (체리)
크럼블 토벌 2조	hnvT2o5cU20	1일 전	조회수 8,937회	3:10	서신우	[쿠키런크럼블] 길드 토벌전 544G 공략 (와사비 공격력 조절)
크럼블 토벌 2조	tZJ5wzhcUA8	2일 전	조회수 41,766회	6:08	ND러너	쿠키런 크럼블 최신 스테이지 최고 조합 바리공주 기준
크럼블 토벌 2조	BgvtdSm5e_w	8일 전	조회수 9,645회	2:50	서신우	[쿠키런크럼블] 길드 토벌전 169G 공략 (공격력 순서 변경)
크럼블 토벌 2조	0BP5FN-BqEY	10일 전	조회수 13,650회	2:09	서신우	[쿠키런크럼블] 길드 토벌전 957억 공략 (치즈)
크럼블 토벌 2조	oZmB_l0yMU4	1일 전	조회수 7,063회	1:11	꽝라멩	바리공주 성능 뭐임?;; 돌격덱 스테이지덱으로 강추! [쿠키런 키우기 / 쿠키런 크럼블]
크럼블 토벌 2조	aS1C4ucZFWY	1시간 전	조회수 739회	4:22	누리머 Noorimer	[쿠키런 크럼블] 바리공주맛 쿠키 스테이지 종결 덱 공략
크럼블 토벌 2조	UYa8E0YEho8	6일 전	조회수 5,820회	2:13	누리머 Noorimer	[쿠키런 크럼블] 길드토벌전 345G 고득점 덱 공략 (슈가룬 세팅)
크럼블 토벌 2조	yeICL4cCLZU	2일 전	조회수 16,984회	5:43	서신우	[쿠키런크럼블] 길드 토벌전 513G 공략 (가속)
크럼블 토벌 3조	Zvwet0mrkuU	1일 전	조회수 10,334회	1:28	VART	쿠키런 크럼블 토벌전 덱 무과금 최신 공략
크럼블 토벌 3조	CDrrPsquK-o	9일 전	조회수 17,895회	3:49	누리머 Noorimer	[쿠키런 크럼블] 길드토벌전 1700억 고득점 덱 공략 ft. 체리맛 쿠키
크럼블 토벌 3조	n9Ow31R9Vys	3일 전	조회수 17,385회	1:27	VART	쿠키런 크럼블 스테이지 덱 오토 최신 공략 조합(300 스테 이상도 가능)
크럼블 토벌 3조	4v2xDWV13fg	6시간 전	조회수 2,669회	1:52	VART	쿠키런 크럼블 크럼블 던전 공략(250G 공략)
크럼블 토벌 3조	yadnyiJP1mk	3주 전	조회수 50,714회	8:01	ND러너	쿠키런 크럼블 "가장 쉽고" 고득점 100G이상 피냐타 길드 토벌전 공략 가이드
크럼블 토벌 3조	HuI2hIlEmyI	3주 전	조회수 22,169회	2:33	누리머 Noorimer	[쿠키런 크럼블] 길드토벌전 고득점 덱 공략 ft. 치즈케이크맛 쿠키 운빨
크럼블 토벌 3조	ZjPH1YEbDnA	1일 전	조회수 7,001회	2:54	누리머 Noorimer	[쿠키런 크럼블] 길드토벌전 600G 고득점 덱 공략 (슈가룬 세팅)
크럼블 토벌 3조	XeD4c3AuQAs	9일 전	조회수 30,885회	6:19	ND러너	쿠키런 크럼블 "황금갓방울 크럼블던전" 1800억 이상 고득점 공략 가이드 완결판
크럼블 토벌 3조	tZJ5wzhcUA8	2일 전	조회수 41,766회	6:08	ND러너	쿠키런 크럼블 최신 스테이지 최고 조합 바리공주 기준
크럼블 토벌 3조	aS1C4ucZFWY	1시간 전	조회수 739회	4:22	누리머 Noorimer	[쿠키런 크럼블] 바리공주맛 쿠키 스테이지 종결 덱 공략
크럼블 토벌 3조	a-c5ZD-Apmk	11일 전	조회수 10,410회	2:38	그니	쿠키런 크럼블 길드 토벌전 고득점 공략
크럼블 토벌 3조	N-J2hqZGhwA	2일 전	조회수 6,297회	1:20	VART	쿠키런 크럼블 장비 세팅 초간단 최신 공략
크럼블 토벌 3조	UYa8E0YEho8	6일 전	조회수 5,820회	2:13	누리머 Noorimer	[쿠키런 크럼블] 길드토벌전 345G 고득점 덱 공략 (슈가룬 세팅)
크럼블 토벌 3조	TQViIb7NOh8	1일 전	조회수 11,192회	1:02	VART	쿠키런 크럼블 스테이지 덱 최신 공략(바리체콜 손컨&오토덱)
크럼블 토벌 3조	nQmoWQn1TCY	2일 전	조회수 23,870회	1:27	누리머 Noorimer	[쿠키런 크럼블] 덱 1개로 전부 끝내는 일일던전 조합 최신 공략 ft. 달토끼맛 쿠키
크럼블 토벌 3조	UZf0DkMqGJM	9일 전	조회수 9,014회	3:47	서신우	[쿠키런크럼블] 길드 토벌전 1,058억 공략 (체리)
크럼블 토벌 3조	XiQU0CpmDBI	3일 전	조회수 32,020회	6:50	ND러너	역대 최강의 사기 크럼블 돌격 쿠키 등장 ㄷㄷ TSSR등급 바리공주맛 쿠키 리뷰
크럼블 토벌 3조	hnvT2o5cU20	1일 전	조회수 8,937회	3:10	서신우	[쿠키런크럼블] 길드 토벌전 544G 공략 (와사비 공격력 조절)
크럼블 토벌 3조	PLT1iQ1WgzQ	4주 전	조회수 7,954회	3:03	사키엘 TV	쿠키런 키우기 크럼블 길드 토벌전 이 덱으로 고득점 노리세요 [사키엘TV]
크럼블 토벌 3조	0BP5FN-BqEY	10일 전	조회수 13,650회	2:09	서신우	[쿠키런크럼블] 길드 토벌전 957억 공략 (치즈)
크럼블 토벌 1조	Zvwet0mrkuU	1일 전	조회수 10,334회	1:28	VART	쿠키런 크럼블 토벌전 덱 무과금 최신 공략
크럼블 토벌 1조	4v2xDWV13fg	6시간 전	조회수 2,669회	1:52	VART	쿠키런 크럼블 크럼블 던전 공략(250G 공략)
크럼블 토벌 1조	n9Ow31R9Vys	3일 전	조회수 17,385회	1:27	VART	쿠키런 크럼블 스테이지 덱 오토 최신 공략 조합(300 스테 이상도 가능)
크럼블 토벌 1조	CDrrPsquK-o	9일 전	조회수 17,895회	3:49	누리머 Noorimer	[쿠키런 크럼블] 길드토벌전 1700억 고득점 덱 공략 ft. 체리맛 쿠키
크럼블 토벌 1조	XeD4c3AuQAs	9일 전	조회수 30,885회	6:19	ND러너	쿠키런 크럼블 "황금갓방울 크럼블던전" 1800억 이상 고득점 공략 가이드 완결판
크럼블 토벌 1조	UF6zcIkbh_8	2주 전	조회수 33,828회	9:18	ND러너	쿠키런 크럼블 "황금갓방울 던전" 50G이상 팁 공략 가이드
크럼블 토벌 1조	HuI2hIlEmyI	3주 전	조회수 22,161회	2:33	누리머 Noorimer	[쿠키런 크럼블] 길드토벌전 고득점 덱 공략 ft. 치즈케이크맛 쿠키 운빨
크럼블 토벌 1조	yadnyiJP1mk	3주 전	조회수 50,714회	8:01	ND러너	쿠키런 크럼블 "가장 쉽고" 고득점 100G이상 피냐타 길드 토벌전 공략 가이드
크럼블 토벌 1조	ZjPH1YEbDnA	1일 전	조회수 7,001회	2:54	누리머 Noorimer	[쿠키런 크럼블] 길드토벌전 600G 고득점 덱 공략 (슈가룬 세팅)
크럼블 토벌 1조	nQmoWQn1TCY	2일 전	조회수 23,870회	1:27	누리머 Noorimer	[쿠키런 크럼블] 덱 1개로 전부 끝내는 일일던전 조합 최신 공략 ft. 달토끼맛 쿠키
크럼블 토벌 1조	N-J2hqZGhwA	2일 전	조회수 6,297회	1:20	VART	쿠키런 크럼블 장비 세팅 초간단 최신 공략
크럼블 토벌 1조	DMvAmT9Cfqg	2주 전	조회수 82,388회	7:02	ND러너	쿠키런 크럼블 체리콜라 "방치덱" 스테이지 "자동 클리어" 최고조합 성능 미쳤습니다 ㄷㄷ
크럼블 토벌 1조	tZJ5wzhcUA8	2일 전	조회수 41,766회	6:08	ND러너	쿠키런 크럼블 최신 스테이지 최고 조합 바리공주 기준
크럼블 토벌 1조	hnvT2o5cU20	1일 전	조회수 8,937회	3:10	서신우	[쿠키런크럼블] 길드 토벌전 544G 공략 (와사비 공격력 조절)
크럼블 토벌 1조	aS1C4ucZFWY	1시간 전	조회수 739회	4:22	누리머 Noorimer	[쿠키런 크럼블] 바리공주맛 쿠키 스테이지 종결 덱 공략
크럼블 토벌 1조	axTDChjRLiM	4주 전	조회수 917회	0:40	모든곰젤리	투력 136.79M 토벌전 1.616G 실론O [쿠키런: 크럼블]
크럼블 토벌 1조	eUAGWU-zgUs	5일 전	조회수 37,746회	7:01	ND러너	쿠키런 크럼블 TSSR등급 바리공주맛 쿠키 출시 얼마나 강력할까??
크럼블 토벌 1조	a-c5ZD-Apmk	11일 전	조회수 10,410회	2:38	그니	쿠키런 크럼블 길드 토벌전 고득점 공략
크럼블 토벌 1조	UZf0DkMqGJM	9일 전	조회수 9,014회	3:47	서신우	[쿠키런크럼블] 길드 토벌전 1,058억 공략 (체리)
크럼블 토벌 1조	TQViIb7NOh8	1일 전	조회수 11,192회	1:02	VART	쿠키런 크럼블 스테이지 덱 최신 공략(바리체콜 손컨&오토덱)
쿠키런 크럼블 길드 토벌전 피냐타	yadnyiJP1mk	3주 전	조회수 50,714회	8:01	ND러너	쿠키런 크럼블 "가장 쉽고" 고득점 100G이상 피냐타 길드 토벌전 공략 가이드
쿠키런 크럼블 길드 토벌전 피냐타	Zvwet0mrkuU	1일 전	조회수 10,334회	1:28	VART	쿠키런 크럼블 토벌전 덱 무과금 최신 공략
쿠키런 크럼블 길드 토벌전 피냐타	HuI2hIlEmyI	3주 전	조회수 22,161회	2:33	누리머 Noorimer	[쿠키런 크럼블] 길드토벌전 고득점 덱 공략 ft. 치즈케이크맛 쿠키 운빨
쿠키런 크럼블 길드 토벌전 피냐타	hnvT2o5cU20	1일 전	조회수 8,937회	3:10	서신우	[쿠키런크럼블] 길드 토벌전 544G 공략 (와사비 공격력 조절)
쿠키런 크럼블 길드 토벌전 피냐타	ZjPH1YEbDnA	1일 전	조회수 7,001회	2:54	누리머 Noorimer	[쿠키런 크럼블] 길드토벌전 600G 고득점 덱 공략 (슈가룬 세팅)
쿠키런 크럼블 길드 토벌전 피냐타	UZf0DkMqGJM	9일 전	조회수 9,014회	3:47	서신우	[쿠키런크럼블] 길드 토벌전 1,058억 공략 (체리)
쿠키런 크럼블 길드 토벌전 피냐타	tZJ5wzhcUA8	2일 전	조회수 41,766회	6:08	ND러너	쿠키런 크럼블 최신 스테이지 최고 조합 바리공주 기준
쿠키런 크럼블 길드 토벌전 피냐타	a-c5ZD-Apmk	11일 전	조회수 10,410회	2:38	그니	쿠키런 크럼블 길드 토벌전 고득점 공략
쿠키런 크럼블 길드 토벌전 피냐타	aS1C4ucZFWY	1시간 전	조회수 739회	4:22	누리머 Noorimer	[쿠키런 크럼블] 바리공주맛 쿠키 스테이지 종결 덱 공략
쿠키런 크럼블 길드 토벌전 피냐타	nQmoWQn1TCY	2일 전	조회수 23,870회	1:27	누리머 Noorimer	[쿠키런 크럼블] 덱 1개로 전부 끝내는 일일던전 조합 최신 공략 ft. 달토끼맛 쿠키
쿠키런 크럼블 길드 토벌전 피냐타	CDrrPsquK-o	9일 전	조회수 17,895회	3:49	누리머 Noorimer	[쿠키런 크럼블] 길드토벌전 1700억 고득점 덱 공략 ft. 체리맛 쿠키
쿠키런 크럼블 길드 토벌전 피냐타	0BP5FN-BqEY	10일 전	조회수 13,650회	2:09	서신우	[쿠키런크럼블] 길드 토벌전 957억 공략 (치즈)
쿠키런 크럼블 길드 토벌전 피냐타	W03GvbKfk44	2주 전	조회수 18,073회	2:37	서신우	[쿠키런크럼블] 길드 토벌전 654억 공략 (딸크 최신화)
쿠키런 크럼블 길드 토벌전 피냐타	yeICL4cCLZU	2일 전	조회수 16,951회	5:43	서신우	[쿠키런크럼블] 길드 토벌전 513G 공략 (가속)
쿠키런 크럼블 길드 토벌전 피냐타	UYa8E0YEho8	6일 전	조회수 5,819회	2:13	누리머 Noorimer	[쿠키런 크럼블] 길드토벌전 345G 고득점 덱 공략 (슈가룬 세팅)
쿠키런 크럼블 길드 토벌전 피냐타	XeD4c3AuQAs	9일 전	조회수 30,885회	6:19	ND러너	쿠키런 크럼블 "황금갓방울 크럼블던전" 1800억 이상 고득점 공략 가이드 완결판
쿠키런 크럼블 길드 토벌전 피냐타	3NJVuPat4w4	3주 전	조회수 13,663회	1:40	서신우	[쿠키런크럼블] 길드 토벌전 397억 공략 (딸크)
쿠키런 크럼블 길드 토벌전 피냐타	oZmB_l0yMU4	1일 전	조회수 7,063회	1:11	꽝라멩	바리공주 성능 뭐임?;; 돌격덱 스테이지덱으로 강추! [쿠키런 키우기 / 쿠키런 크럼블]
쿠키런 크럼블 길드 토벌전 피냐타	UF6zcIkbh_8	2주 전	조회수 33,828회	9:18	ND러너	쿠키런 크럼블 "황금갓방울 던전" 50G이상 팁 공략 가이드
쿠키런 크럼블 길드 토벌전 피냐타	4v2xDWV13fg	6시간 전	조회수 2,669회	1:52	VART	쿠키런 크럼블 크럼블 던전 공략(250G 공략)
크럼블 피냐타 2T	yadnyiJP1mk	3주 전	조회수 50,714회	8:01	ND러너	쿠키런 크럼블 "가장 쉽고" 고득점 100G이상 피냐타 길드 토벌전 공략 가이드
크럼블 피냐타 2T	aS1C4ucZFWY	1시간 전	조회수 739회	4:22	누리머 Noorimer	[쿠키런 크럼블] 바리공주맛 쿠키 스테이지 종결 덱 공략
크럼블 피냐타 2T	_Tv-pqZliTg	4일 전	조회수 410,612회	9:59	영래기	쿠키런 크럼블 서버 1위가 계정을 삭제한 이유
크럼블 피냐타 2T	oZmB_l0yMU4	1일 전	조회수 7,063회	1:11	꽝라멩	바리공주 성능 뭐임?;; 돌격덱 스테이지덱으로 강추! [쿠키런 키우기 / 쿠키런 크럼블]
크럼블 피냐타 2T	nQmoWQn1TCY	2일 전	조회수 23,870회	1:27	누리머 Noorimer	[쿠키런 크럼블] 덱 1개로 전부 끝내는 일일던전 조합 최신 공략 ft. 달토끼맛 쿠키
크럼블 피냐타 2T	2HHJY5PRwFg	2일 전	조회수 8,446회	3:55	사키엘 TV	쿠키런 키우키 크럼블 이 덱이 현재 최강덱입니다. 스테이지 & 아레나까지 다 쌉가능! [사키엘TV]
크럼블 피냐타 2T	kmMGJg38TaU	1년 전	조회수 14,885회	4:59	HADA at HOME하다앳홈	정말정말 맛있는 초간단 체리 크럼블 파이(+ 집 나간 입맛, 무조건 돌아오는 새콤달콤 체리 에이드) 찐으로 맛있는 체리 추천(미국북서부체리) | 하다앳홈(유료광고)
크럼블 피냐타 2T	XiQU0CpmDBI	3일 전	조회수 32,020회	6:50	ND러너	역대 최강의 사기 크럼블 돌격 쿠키 등장 ㄷㄷ TSSR등급 바리공주맛 쿠키 리뷰
크럼블 피냐타 2T	W03GvbKfk44	2주 전	조회수 18,073회	2:37	서신우	[쿠키런크럼블] 길드 토벌전 654억 공략 (딸크 최신화)
크럼블 피냐타 2T	4B-82pmUooI	2일 전	조회수 11,681회	2:55	누리머 Noorimer	[쿠키런 크럼블] 플레이트 장비 가이드: 강화 우선순위 및 옵션 프리셋 총정리
크럼블 피냐타 2T	_d_7z1UD2p8	스트리밍 시간: 2일 전	조회수 21,140회	2:56:27	ND러너	쿠키런 크럼블 차원의 이면 리뷰 신세계네요 ㄷㄷ
크럼블 피냐타 2T	eUAGWU-zgUs	5일 전	조회수 37,746회	7:01	ND러너	쿠키런 크럼블 TSSR등급 바리공주맛 쿠키 출시 얼마나 강력할까??
크럼블 피냐타 2T	I-MBOSXjW9E	2개월 전	조회수 2,119회	9:13	겜생	쿠키런 크럼블, 기존 쿠키를 재해석한 얼터너티브 쿠키가 온다
크럼블 피냐타 2T	rSn6SOo93ks	3주 전	조회수 56,587회	9:41	ND러너	쿠키런 크럼블 피노누아 출시 후 조합추천 "연타덱" vs "전갈덱" 세팅 방법
크럼블 피냐타 2T	vI3wG5gdmIg	3일 전	조회수 2,220회	2:24	사키엘 TV	쿠키런 키우기 크럼블 대규모 업데이트! 접속해서 해야 하는 것들 정리 [사키엘TV]
크럼블 피냐타 2T	FOlY4oqXvjs	4주 전	조회수 76,020회	5:52	ND러너	쿠키런 크럼블 "최강의 연타덱" 피노누아맛 쿠키 등장 이건 꼭 키우세요 1티어입니다.
크럼블 피냐타 2T	ZjPH1YEbDnA	1일 전	조회수 7,001회	2:54	누리머 Noorimer	[쿠키런 크럼블] 길드토벌전 600G 고득점 덱 공략 (슈가룬 세팅)
크럼블 피냐타 2T	9I4p6yNBGGw	4주 전	조회수 10,985회	1:18	서신우	[쿠키런크럼블] 에어본 보스 자동컨으로 잡는 피노덱 공략 (그루터기, 망치공주)
크럼블 토벌 체리덱	Zvwet0mrkuU	1일 전	조회수 10,334회	1:28	VART	쿠키런 크럼블 토벌전 덱 무과금 최신 공략
크럼블 토벌 체리덱	DMvAmT9Cfqg	2주 전	조회수 82,388회	7:02	ND러너	쿠키런 크럼블 체리콜라 "방치덱" 스테이지 "자동 클리어" 최고조합 성능 미쳤습니다 ㄷㄷ
크럼블 토벌 체리덱	CDrrPsquK-o	9일 전	조회수 17,895회	3:49	누리머 Noorimer	[쿠키런 크럼블] 길드토벌전 1700억 고득점 덱 공략 ft. 체리맛 쿠키
크럼블 토벌 체리덱	n9Ow31R9Vys	3일 전	조회수 17,402회	1:27	VART	쿠키런 크럼블 스테이지 덱 오토 최신 공략 조합(300 스테 이상도 가능)
크럼블 토벌 체리덱	oZmB_l0yMU4	1일 전	조회수 7,063회	1:11	꽝라멩	바리공주 성능 뭐임?;; 돌격덱 스테이지덱으로 강추! [쿠키런 키우기 / 쿠키런 크럼블]
크럼블 토벌 체리덱	UF6zcIkbh_8	2주 전	조회수 33,828회	9:18	ND러너	쿠키런 크럼블 "황금갓방울 던전" 50G이상 팁 공략 가이드
크럼블 토벌 체리덱	4v2xDWV13fg	6시간 전	조회수 2,669회	1:52	VART	쿠키런 크럼블 크럼블 던전 공략(250G 공략)
크럼블 토벌 체리덱	eErJei-fwUg	2주 전	조회수 42,017회	7:04	ND러너	쿠키런 크럼블 최신 아레나 조합추천 체리콜라 업뎃 기준
크럼블 토벌 체리덱	o-Hr94Jk_f4	2주 전	조회수 24,276회	8:01	ND러너	쿠키런 크럼블 스테이지 1티어 "체리콜라" 픽업 뽑기 뭘 뽑아야 할까??
크럼블 토벌 체리덱	LtBaIFbffYs	9일 전	조회수 4,514회	1:38	꽝라멩	체리콜라 뽑아? 말아? 스테이지덱 추천! [쿠키런 키우기 / 쿠키런 크럼블]
크럼블 토벌 체리덱	tZJ5wzhcUA8	2일 전	조회수 41,766회	6:08	ND러너	쿠키런 크럼블 최신 스테이지 최고 조합 바리공주 기준
크럼블 토벌 체리덱	ZjPH1YEbDnA	1일 전	조회수 7,001회	2:54	누리머 Noorimer	[쿠키런 크럼블] 길드토벌전 600G 고득점 덱 공략 (슈가룬 세팅)
크럼블 토벌 체리덱	ez5tzoFJsdo	2주 전	조회수 43,939회	8:18	ND러너	쿠키런 크럼블 우유저격러?? 체리콜라 SSR등급 리뷰 얼마나 좋을까??
크럼블 토벌 체리덱	aS1C4ucZFWY	1시간 전	조회수 739회	4:22	누리머 Noorimer	[쿠키런 크럼블] 바리공주맛 쿠키 스테이지 종결 덱 공략
크럼블 토벌 체리덱	nQmoWQn1TCY	2일 전	조회수 23,870회	1:27	누리머 Noorimer	[쿠키런 크럼블] 덱 1개로 전부 끝내는 일일던전 조합 최신 공략 ft. 달토끼맛 쿠키
크럼블 토벌 체리덱	UZf0DkMqGJM	9일 전	조회수 9,014회	3:47	서신우	[쿠키런크럼블] 길드 토벌전 1,058억 공략 (체리)
크럼블 토벌 체리덱	TQViIb7NOh8	1일 전	조회수 11,192회	1:02	VART	쿠키런 크럼블 스테이지 덱 최신 공략(바리체콜 손컨&오토덱)
크럼블 토벌 체리덱	yadnyiJP1mk	3주 전	조회수 50,714회	8:01	ND러너	쿠키런 크럼블 "가장 쉽고" 고득점 100G이상 피냐타 길드 토벌전 공략 가이드
크럼블 토벌 체리덱	mbZ_XBX0DdE	10일 전	조회수 24,582회	2:54	누리머 Noorimer	[쿠키런 크럼블] 체리콜라맛 쿠키 스테이지 종결 덱 공략
크럼블 토벌 체리덱	IA5oKkNYO1g	스트리밍 시간: 2주 전	조회수 22,034회	4:18:24	ND러너	쿠키런 크럼블 체리콜라 스토리 연타덱 좋은데요??
크럼블 토벌 1위	Zvwet0mrkuU	1일 전	조회수 10,334회	1:28	VART	쿠키런 크럼블 토벌전 덱 무과금 최신 공략
크럼블 토벌 1위	tZJ5wzhcUA8	2일 전	조회수 41,766회	6:08	ND러너	쿠키런 크럼블 최신 스테이지 최고 조합 바리공주 기준
크럼블 토벌 1위	ZjPH1YEbDnA	1일 전	조회수 7,001회	2:54	누리머 Noorimer	[쿠키런 크럼블] 길드토벌전 600G 고득점 덱 공략 (슈가룬 세팅)
크럼블 토벌 1위	aS1C4ucZFWY	1시간 전	조회수 739회	4:22	누리머 Noorimer	[쿠키런 크럼블] 바리공주맛 쿠키 스테이지 종결 덱 공략
크럼블 토벌 1위	CDrrPsquK-o	9일 전	조회수 17,895회	3:49	누리머 Noorimer	[쿠키런 크럼블] 길드토벌전 1700억 고득점 덱 공략 ft. 체리맛 쿠키
크럼블 토벌 1위	_Tv-pqZliTg	4일 전	조회수 410,612회	9:59	영래기	쿠키런 크럼블 서버 1위가 계정을 삭제한 이유
크럼블 토벌 1위	XeD4c3AuQAs	9일 전	조회수 30,885회	6:19	ND러너	쿠키런 크럼블 "황금갓방울 크럼블던전" 1800억 이상 고득점 공략 가이드 완결판
크럼블 토벌 1위	n9Ow31R9Vys	3일 전	조회수 17,402회	1:27	VART	쿠키런 크럼블 스테이지 덱 오토 최신 공략 조합(300 스테 이상도 가능)
크럼블 토벌 1위	yadnyiJP1mk	3주 전	조회수 50,714회	8:01	ND러너	쿠키런 크럼블 "가장 쉽고" 고득점 100G이상 피냐타 길드 토벌전 공략 가이드
크럼블 토벌 1위	4v2xDWV13fg	6시간 전	조회수 2,669회	1:52	VART	쿠키런 크럼블 크럼블 던전 공략(250G 공략)
크럼블 토벌 1위	HuI2hIlEmyI	3주 전	조회수 22,161회	2:33	누리머 Noorimer	[쿠키런 크럼블] 길드토벌전 고득점 덱 공략 ft. 치즈케이크맛 쿠키 운빨
크럼블 토벌 1위	DMvAmT9Cfqg	2주 전	조회수 82,388회	7:02	ND러너	쿠키런 크럼블 체리콜라 "방치덱" 스테이지 "자동 클리어" 최고조합 성능 미쳤습니다 ㄷㄷ
크럼블 토벌 1위	a-c5ZD-Apmk	11일 전	조회수 10,410회	2:38	그니	쿠키런 크럼블 길드 토벌전 고득점 공략
크럼블 토벌 1위	UF6zcIkbh_8	2주 전	조회수 33,828회	9:18	ND러너	쿠키런 크럼블 "황금갓방울 던전" 50G이상 팁 공략 가이드
크럼블 토벌 1위	o-Hr94Jk_f4	2주 전	조회수 24,276회	8:01	ND러너	쿠키런 크럼블 스테이지 1티어 "체리콜라" 픽업 뽑기 뭘 뽑아야 할까??
크럼블 토벌 1위	XiQU0CpmDBI	3일 전	조회수 32,020회	6:50	ND러너	역대 최강의 사기 크럼블 돌격 쿠키 등장 ㄷㄷ TSSR등급 바리공주맛 쿠키 리뷰
크럼블 토벌 1위	oZmB_l0yMU4	1일 전	조회수 7,063회	1:11	꽝라멩	바리공주 성능 뭐임?;; 돌격덱 스테이지덱으로 강추! [쿠키런 키우기 / 쿠키런 크럼블]
크럼블 토벌 1위	axTDChjRLiM	4주 전	조회수 917회	0:40	모든곰젤리	투력 136.79M 토벌전 1.616G 실론O [쿠키런: 크럼블]
크럼블 토벌 1위	yeICL4cCLZU	2일 전	조회수 16,951회	5:43	서신우	[쿠키런크럼블] 길드 토벌전 513G 공략 (가속)
크럼블 토벌 1위	UZf0DkMqGJM	9일 전	조회수 9,014회	3:47	서신우	[쿠키런크럼블] 길드 토벌전 1,058억 공략 (체리)
날씨의아이 크럼블	oyv4QdUPe54	6년 전	조회수 2,637,210회	3:33	태남	【MAD/AMV】날씨의 아이 ost 그랜드 이스케이프 (하이라이트 좌우음향)ㅣWeathering With You(天気の子) Highlight Movie Sound
날씨의아이 크럼블	saDmN2f3HI0		조회수 43,563,741회	5:40	RADWIMPS	Grand Escape (feat. Toko Miura)
날씨의아이 크럼블	XVPK16aYaPA	5년 전	조회수 1,796,362회	5:34	덕질에인생낭비	【한글가사】 RADWIMPS - Grand Escape | 날씨의 아이(天気の子) OST
날씨의아이 크럼블	RQUV9yEandI	6년 전	조회수 1,869,424회	1:05:04	상어오브뮤직	[1시간 반복재생] 날씨의 아이 OST 피아노 커버 모음
날씨의아이 크럼블	cSPOocNsNsM	3년 전	조회수 480,087회	26:40	넋밤	[3D입체음향] ☁ 날씨의아이 OST 모음 | 天気の子OST [자막/고음질]
날씨의아이 크럼블	PxBkhfgY7Pg		조회수 2,395,015회	5:36	RADWIMPS	We'll Be Alright
날씨의아이 크럼블	P3IWSE3cGFU	6년 전	조회수 1,083,408회	5:33	소멜	[날씨의 아이 OST] RADWIMPS - 괜찮아 (大丈夫) [가사,독음,해석]
날씨의아이 크럼블	hY6_DAASWv8	6년 전	조회수 223,596회	0:55	미디어캐슬	[날씨의 아이] 히나 볶음밥 레시피 영상
날씨의아이 크럼블	AFQAwWrxO5c	6년 전	조회수 197,952회	3:03	milk 3026	[3D 입체음향/고음질] 날씨의 아이 ost - 불꽃축제(花火大会) [날씨의 아이 ost 13번 트랙]
날씨의아이 크럼블	4YBNqNPjVM0		조회수 19,146,278회	6:55	RADWIMPS	Is There Still Anything That Love Can Do?
날씨의아이 크럼블	lCHExX3NypM	7년 전	조회수 2,937,794회	6:55	심딴	날씨의 아이 ost (RADWIMPS) - 사랑이 할 수 있는 일이 아직 있을까 (愛にできることはまだあるかい)
날씨의아이 크럼블	P_HFGz7k-LU	3년 전	조회수 918,252회	24:50	프와 𝐅𝐫𝐨𝐢𝐝	𝐏𝐥𝐚𝐲𝐥𝐢𝐬𝐭 | 날씨의 아이☀️ OST 모음 (한국어 가사 포함)
날씨의아이 크럼블	z9m36UiVhj8	6년 전	조회수 206,528회	0:20	Miso	[너의 이름은] 날씨의 아이 결말 복선
날씨의아이 크럼블	4v2xDWV13fg	6시간 전	조회수 2,669회	1:52	VART	쿠키런 크럼블 크럼블 던전 공략(250G 공략)
날씨의아이 크럼블	5oYTVEofItQ	6년 전	조회수 636,671회	2:12	태남	【MAD/AMV】날씨의 아이 x 너의 이름은. - Sparkle (좌우음향)ㅣWeathering With You x Your Name. - Sparkle (Movie Sound)
날씨의아이 크럼블	u-2BEytjKxE	6년 전	조회수 347,669회	0:31	미디어캐슬	날씨의 아이 더빙판 30초 예고
날씨의아이 크럼블	l7z2bCamtc8	6년 전	조회수 450,886회	4:54	날아	[FMV] 축제 - 날씨의 아이 OST
날씨의아이 크럼블	3cCxU7bnyzM	6년 전	조회수 294,499회	1:00:53	milk 3026	[날씨의 아이 ost 1시간] RADWIMPS - 맑아지는 하늘(晴れゆく空) (1시간 연속재생)
날씨의아이 크럼블	gSTyfr6wucI	5년 전	조회수 194,027회	2:34	다이고코타로 zip	날씨의 아이 대탈출 라이브 연기 ㄷㄷ
날씨의아이 크럼블	dYziplayZz0	6년 전	조회수 145,377회	0:30	미디어캐슬	날씨의 아이 더빙판 30초 특보
현이 크럼블 토벌	XeD4c3AuQAs	9일 전	조회수 30,885회	6:19	ND러너	쿠키런 크럼블 "황금갓방울 크럼블던전" 1800억 이상 고득점 공략 가이드 완결판
현이 크럼블 토벌	yadnyiJP1mk	3주 전	조회수 50,716회	8:01	ND러너	쿠키런 크럼블 "가장 쉽고" 고득점 100G이상 피냐타 길드 토벌전 공략 가이드
현이 크럼블 토벌	Zvwet0mrkuU	1일 전	조회수 10,334회	1:28	VART	쿠키런 크럼블 토벌전 덱 무과금 최신 공략
현이 크럼블 토벌	CDrrPsquK-o	9일 전	조회수 17,884회	3:49	누리머 Noorimer	[쿠키런 크럼블] 길드토벌전 1700억 고득점 덱 공략 ft. 체리맛 쿠키
현이 크럼블 토벌	HuI2hIlEmyI	3주 전	조회수 22,169회	2:33	누리머 Noorimer	[쿠키런 크럼블] 길드토벌전 고득점 덱 공략 ft. 치즈케이크맛 쿠키 운빨
현이 크럼블 토벌	ZjPH1YEbDnA	1일 전	조회수 7,001회	2:54	누리머 Noorimer	[쿠키런 크럼블] 길드토벌전 600G 고득점 덱 공략 (슈가룬 세팅)
현이 크럼블 토벌	DMvAmT9Cfqg	2주 전	조회수 82,393회	7:02	ND러너	쿠키런 크럼블 체리콜라 "방치덱" 스테이지 "자동 클리어" 최고조합 성능 미쳤습니다 ㄷㄷ
현이 크럼블 토벌	n9Ow31R9Vys	3일 전	조회수 17,402회	1:27	VART	쿠키런 크럼블 스테이지 덱 오토 최신 공략 조합(300 스테 이상도 가능)
현이 크럼블 토벌	UYa8E0YEho8	6일 전	조회수 5,819회	2:13	누리머 Noorimer	[쿠키런 크럼블] 길드토벌전 345G 고득점 덱 공략 (슈가룬 세팅)
현이 크럼블 토벌	a-c5ZD-Apmk	11일 전	조회수 10,412회	2:38	그니	쿠키런 크럼블 길드 토벌전 고득점 공략
현이 크럼블 토벌	UZf0DkMqGJM	9일 전	조회수 9,018회	3:47	서신우	[쿠키런크럼블] 길드 토벌전 1,058억 공략 (체리)
현이 크럼블 토벌	PLT1iQ1WgzQ	4주 전	조회수 7,954회	3:03	사키엘 TV	쿠키런 키우기 크럼블 길드 토벌전 이 덱으로 고득점 노리세요 [사키엘TV]
현이 크럼블 토벌	BgvtdSm5e_w	8일 전	조회수 9,654회	2:50	서신우	[쿠키런크럼블] 길드 토벌전 169G 공략 (공격력 순서 변경)
현이 크럼블 토벌	0BP5FN-BqEY	10일 전	조회수 13,652회	2:09	서신우	[쿠키런크럼블] 길드 토벌전 957억 공략 (치즈)
현이 크럼블 토벌	nQmoWQn1TCY	2일 전	조회수 23,870회	1:27	누리머 Noorimer	[쿠키런 크럼블] 덱 1개로 전부 끝내는 일일던전 조합 최신 공략 ft. 달토끼맛 쿠키
현이 크럼블 토벌	VPVzGKGwWog	3주 전	조회수 48,391회	8:19	ND러너	쿠키런 크럼블 "쿠키 경험치와 레벨" 의 다양한 기능 알고가세요. 100레벨 우선순위 누구부터 찍을까??
현이 크럼블 토벌	hnvT2o5cU20	1일 전	조회수 8,937회	3:10	서신우	[쿠키런크럼블] 길드 토벌전 544G 공략 (와사비 공격력 조절)
현이 크럼블 토벌	4B-82pmUooI	2일 전	조회수 11,681회	2:55	누리머 Noorimer	[쿠키런 크럼블] 플레이트 장비 가이드: 강화 우선순위 및 옵션 프리셋 총정리
검은반장 크럼블	D07hMRvmXhM	2주 전	조회수 24,195회	6:17	ND러너	결국 논란에 대한 크럼블 운영자 사과와 개선 공지가 떴습니다. 여러분들은 만족하시나요?
검은반장 크럼블	aS1C4ucZFWY	1시간 전	조회수 739회	4:22	누리머 Noorimer	[쿠키런 크럼블] 바리공주맛 쿠키 스테이지 종결 덱 공략
검은반장 크럼블	fswThFLDRjA	스트리밍 시간: 3주 전	조회수 10,063회	3:38:45	ND러너	쿠키런 크럼블 다음주 신쿠는 뭐가 나올까?? 스테이지 확장되나요??
검은반장 크럼블	FWhgHSgRny4	스트리밍 시간: 4주 전	조회수 24,688회	4:13:37	ND러너	쿠키런 크럼블 쿨민 너프 논란 ㄷㄷ 본계정 234-30 통곡의 벽이네요
크럼블 카페 길드 토벌	Zvwet0mrkuU	1일 전	조회수 10,334회	1:28	VART	쿠키런 크럼블 토벌전 덱 무과금 최신 공략
크럼블 카페 길드 토벌	yadnyiJP1mk	3주 전	조회수 50,714회	8:01	ND러너	쿠키런 크럼블 "가장 쉽고" 고득점 100G이상 피냐타 길드 토벌전 공략 가이드
크럼블 카페 길드 토벌	HuI2hIlEmyI	3주 전	조회수 22,161회	2:33	누리머 Noorimer	[쿠키런 크럼블] 길드토벌전 고득점 덱 공략 ft. 치즈케이크맛 쿠키 운빨
크럼블 카페 길드 토벌	CDrrPsquK-o	9일 전	조회수 17,895회	3:49	누리머 Noorimer	[쿠키런 크럼블] 길드토벌전 1700억 고득점 덱 공략 ft. 체리맛 쿠키
크럼블 카페 길드 토벌	XeD4c3AuQAs	9일 전	조회수 30,885회	6:19	ND러너	쿠키런 크럼블 "황금갓방울 크럼블던전" 1800억 이상 고득점 공략 가이드 완결판
크럼블 카페 길드 토벌	ZjPH1YEbDnA	1일 전	조회수 7,001회	2:54	누리머 Noorimer	[쿠키런 크럼블] 길드토벌전 600G 고득점 덱 공략 (슈가룬 세팅)
크럼블 카페 길드 토벌	hnvT2o5cU20	1일 전	조회수 8,937회	3:10	서신우	[쿠키런크럼블] 길드 토벌전 544G 공략 (와사비 공격력 조절)
크럼블 카페 길드 토벌	UZf0DkMqGJM	9일 전	조회수 9,014회	3:47	서신우	[쿠키런크럼블] 길드 토벌전 1,058억 공략 (체리)
크럼블 카페 길드 토벌	UYa8E0YEho8	6일 전	조회수 5,819회	2:13	누리머 Noorimer	[쿠키런 크럼블] 길드토벌전 345G 고득점 덱 공략 (슈가룬 세팅)
크럼블 카페 길드 토벌	0BP5FN-BqEY	10일 전	조회수 13,650회	2:09	서신우	[쿠키런크럼블] 길드 토벌전 957억 공략 (치즈)
크럼블 카페 길드 토벌	PLT1iQ1WgzQ	4주 전	조회수 7,954회	3:03	사키엘 TV	쿠키런 키우기 크럼블 길드 토벌전 이 덱으로 고득점 노리세요 [사키엘TV]
크럼블 카페 길드 토벌	UF6zcIkbh_8	2주 전	조회수 33,828회	9:18	ND러너	쿠키런 크럼블 "황금갓방울 던전" 50G이상 팁 공략 가이드
크럼블 카페 길드 토벌	a-c5ZD-Apmk	11일 전	조회수 10,410회	2:38	그니	쿠키런 크럼블 길드 토벌전 고득점 공략
크럼블 카페 길드 토벌	BgvtdSm5e_w	8일 전	조회수 9,645회	2:50	서신우	[쿠키런크럼블] 길드 토벌전 169G 공략 (공격력 순서 변경)
크럼블 카페 길드 토벌	W03GvbKfk44	2주 전	조회수 18,073회	2:37	서신우	[쿠키런크럼블] 길드 토벌전 654억 공략 (딸크 최신화)
크럼블 카페 길드 토벌	7U105XALKPE	4주 전	조회수 5,085회	4:04	사키엘 TV	쿠키런 키우기 크럼블 실론나이트 포함! 길드 토벌전! 이 덱으로 종결합니다! [사키엘TV]
크럼블 카페 길드 토벌	yeICL4cCLZU	2일 전	조회수 16,951회	5:43	서신우	[쿠키런크럼블] 길드 토벌전 513G 공략 (가속)
크럼블 카페 길드 토벌	MMKVHqc3wj4	8일 전	조회수 5,846회	3:06	서신우	[쿠키런크럼블] 길드 토벌전 152G 공략 (와사비)
크럼블 카페 길드 토벌	3NJVuPat4w4	3주 전	조회수 13,663회	1:40	서신우	[쿠키런크럼블] 길드 토벌전 397억 공략 (딸크)
크럼블 토벌전 1T	Zvwet0mrkuU	1일 전	조회수 10,334회	1:28	VART	쿠키런 크럼블 토벌전 덱 무과금 최신 공략
크럼블 토벌전 1T	XeD4c3AuQAs	9일 전	조회수 30,885회	6:19	ND러너	쿠키런 크럼블 "황금갓방울 크럼블던전" 1800억 이상 고득점 공략 가이드 완결판
크럼블 토벌전 1T	UF6zcIkbh_8	2주 전	조회수 33,828회	9:18	ND러너	쿠키런 크럼블 "황금갓방울 던전" 50G이상 팁 공략 가이드
크럼블 토벌전 1T	n9Ow31R9Vys	3일 전	조회수 17,402회	1:27	VART	쿠키런 크럼블 스테이지 덱 오토 최신 공략 조합(300 스테 이상도 가능)
크럼블 토벌전 1T	axTDChjRLiM	4주 전	조회수 917회	0:40	모든곰젤리	투력 136.79M 토벌전 1.616G 실론O [쿠키런: 크럼블]
크럼블 토벌전 1T	CDrrPsquK-o	9일 전	조회수 17,895회	3:49	누리머 Noorimer	[쿠키런 크럼블] 길드토벌전 1700억 고득점 덱 공략 ft. 체리맛 쿠키
크럼블 토벌전 1T	yadnyiJP1mk	3주 전	조회수 50,714회	8:01	ND러너	쿠키런 크럼블 "가장 쉽고" 고득점 100G이상 피냐타 길드 토벌전 공략 가이드
크럼블 토벌전 1T	4v2xDWV13fg	6시간 전	조회수 2,669회	1:52	VART	쿠키런 크럼블 크럼블 던전 공략(250G 공략)
크럼블 토벌전 1T	DMvAmT9Cfqg	2주 전	조회수 82,388회	7:02	ND러너	쿠키런 크럼블 체리콜라 "방치덱" 스테이지 "자동 클리어" 최고조합 성능 미쳤습니다 ㄷㄷ
크럼블 토벌전 1T	HuI2hIlEmyI	3주 전	조회수 22,161회	2:33	누리머 Noorimer	[쿠키런 크럼블] 길드토벌전 고득점 덱 공략 ft. 치즈케이크맛 쿠키 운빨
크럼블 토벌전 1T	UZf0DkMqGJM	9일 전	조회수 9,014회	3:47	서신우	[쿠키런크럼블] 길드 토벌전 1,058억 공략 (체리)
크럼블 토벌전 1T	VVHt98jkWCo	4시간 전	조회수 796회	1:13	VART	쿠키런 크럼블 경험치 던전 오토 덱 최신 공략(630,640스테 버전)
크럼블 토벌전 1T	0BP5FN-BqEY	10일 전	조회수 13,650회	2:09	서신우	[쿠키런크럼블] 길드 토벌전 957억 공략 (치즈)
크럼블 토벌전 1T	BgvtdSm5e_w	8일 전	조회수 9,645회	2:50	서신우	[쿠키런크럼블] 길드 토벌전 169G 공략 (공격력 순서 변경)
크럼블 토벌전 1T	ZjPH1YEbDnA	1일 전	조회수 7,001회	2:54	누리머 Noorimer	[쿠키런 크럼블] 길드토벌전 600G 고득점 덱 공략 (슈가룬 세팅)
크럼블 토벌전 1T	a-c5ZD-Apmk	11일 전	조회수 10,410회	2:38	그니	쿠키런 크럼블 길드 토벌전 고득점 공략
크럼블 토벌전 1T	MMKVHqc3wj4	8일 전	조회수 5,846회	3:06	서신우	[쿠키런크럼블] 길드 토벌전 152G 공략 (와사비)
크럼블 토벌전 1T	hnvT2o5cU20	1일 전	조회수 8,937회	3:10	서신우	[쿠키런크럼블] 길드 토벌전 544G 공략 (와사비 공격력 조절)
크럼블 토벌전 1T	3NJVuPat4w4	3주 전	조회수 13,663회	1:40	서신우	[쿠키런크럼블] 길드 토벌전 397억 공략 (딸크)
크럼블 토벌전 1T	W03GvbKfk44	2주 전	조회수 18,073회	2:37	서신우	[쿠키런크럼블] 길드 토벌전 654억 공략 (딸크 최신화)
크럼블 토벌 1조	XeD4c3AuQAs	9일 전	조회수 30,885회	6:19	ND러너	쿠키런 크럼블 "황금갓방울 크럼블던전" 1800억 이상 고득점 공략 가이드 완결판
크럼블 토벌 1조	CDrrPsquK-o	9일 전	조회수 17,884회	3:49	누리머 Noorimer	[쿠키런 크럼블] 길드토벌전 1700억 고득점 덱 공략 ft. 체리맛 쿠키
크럼블 토벌 1조	Zvwet0mrkuU	1일 전	조회수 10,334회	1:28	VART	쿠키런 크럼블 토벌전 덱 무과금 최신 공략
크럼블 토벌 1조	yadnyiJP1mk	3주 전	조회수 50,716회	8:01	ND러너	쿠키런 크럼블 "가장 쉽고" 고득점 100G이상 피냐타 길드 토벌전 공략 가이드
크럼블 토벌 1조	HuI2hIlEmyI	3주 전	조회수 22,169회	2:33	누리머 Noorimer	[쿠키런 크럼블] 길드토벌전 고득점 덱 공략 ft. 치즈케이크맛 쿠키 운빨
크럼블 토벌 1조	4v2xDWV13fg	6시간 전	조회수 2,669회	1:52	VART	쿠키런 크럼블 크럼블 던전 공략(250G 공략)
크럼블 토벌 1조	n9Ow31R9Vys	3일 전	조회수 17,402회	1:27	VART	쿠키런 크럼블 스테이지 덱 오토 최신 공략 조합(300 스테 이상도 가능)
크럼블 토벌 1조	DMvAmT9Cfqg	2주 전	조회수 82,393회	7:02	ND러너	쿠키런 크럼블 체리콜라 "방치덱" 스테이지 "자동 클리어" 최고조합 성능 미쳤습니다 ㄷㄷ
크럼블 토벌 1조	a-c5ZD-Apmk	11일 전	조회수 10,412회	2:38	그니	쿠키런 크럼블 길드 토벌전 고득점 공략
크럼블 토벌 1조	0BP5FN-BqEY	10일 전	조회수 13,652회	2:09	서신우	[쿠키런크럼블] 길드 토벌전 957억 공략 (치즈)
크럼블 토벌 1조	VVHt98jkWCo	4시간 전	조회수 796회	1:13	VART	쿠키런 크럼블 경험치 던전 오토 덱 최신 공략(630,640스테 버전)
크럼블 토벌 1조	UZf0DkMqGJM	9일 전	조회수 9,018회	3:47	서신우	[쿠키런크럼블] 길드 토벌전 1,058억 공략 (체리)
크럼블 토벌 1조	ZjPH1YEbDnA	1일 전	조회수 7,001회	2:54	누리머 Noorimer	[쿠키런 크럼블] 길드토벌전 600G 고득점 덱 공략 (슈가룬 세팅)
크럼블 토벌 1조	UYa8E0YEho8	6일 전	조회수 5,819회	2:13	누리머 Noorimer	[쿠키런 크럼블] 길드토벌전 345G 고득점 덱 공략 (슈가룬 세팅)
크럼블 토벌 1조	PLT1iQ1WgzQ	4주 전	조회수 7,954회	3:03	사키엘 TV	쿠키런 키우기 크럼블 길드 토벌전 이 덱으로 고득점 노리세요 [사키엘TV]
크럼블 토벌 1조	nQmoWQn1TCY	2일 전	조회수 23,870회	1:27	누리머 Noorimer	[쿠키런 크럼블] 덱 1개로 전부 끝내는 일일던전 조합 최신 공략 ft. 달토끼맛 쿠키
크럼블 토벌 1조	3NJVuPat4w4	3주 전	조회수 13,663회	1:40	서신우	[쿠키런크럼블] 길드 토벌전 397억 공략 (딸크)
쿠키런 크럼블 토벌	Zvwet0mrkuU	1일 전	조회수 10,334회	1:28	VART	쿠키런 크럼블 토벌전 덱 무과금 최신 공략
쿠키런 크럼블 토벌	XeD4c3AuQAs	9일 전	조회수 30,885회	6:19	ND러너	쿠키런 크럼블 "황금갓방울 크럼블던전" 1800억 이상 고득점 공략 가이드 완결판
쿠키런 크럼블 토벌	ZjPH1YEbDnA	1일 전	조회수 7,001회	2:54	누리머 Noorimer	[쿠키런 크럼블] 길드토벌전 600G 고득점 덱 공략 (슈가룬 세팅)
쿠키런 크럼블 토벌	4v2xDWV13fg	6시간 전	조회수 2,669회	1:52	VART	쿠키런 크럼블 크럼블 던전 공략(250G 공략)
쿠키런 크럼블 토벌	UF6zcIkbh_8	2주 전	조회수 33,838회	9:18	ND러너	쿠키런 크럼블 "황금갓방울 던전" 50G이상 팁 공략 가이드
쿠키런 크럼블 토벌	HuI2hIlEmyI	3주 전	조회수 22,169회	2:33	누리머 Noorimer	[쿠키런 크럼블] 길드토벌전 고득점 덱 공략 ft. 치즈케이크맛 쿠키 운빨
쿠키런 크럼블 토벌	aS1C4ucZFWY	1시간 전	조회수 739회	4:22	누리머 Noorimer	[쿠키런 크럼블] 바리공주맛 쿠키 스테이지 종결 덱 공략
쿠키런 크럼블 토벌	yadnyiJP1mk	3주 전	조회수 50,716회	8:01	ND러너	쿠키런 크럼블 "가장 쉽고" 고득점 100G이상 피냐타 길드 토벌전 공략 가이드
쿠키런 크럼블 토벌	UZf0DkMqGJM	9일 전	조회수 9,018회	3:47	서신우	[쿠키런크럼블] 길드 토벌전 1,058억 공략 (체리)
쿠키런 크럼블 토벌	XiQU0CpmDBI	3일 전	조회수 32,020회	6:50	ND러너	역대 최강의 사기 크럼블 돌격 쿠키 등장 ㄷㄷ TSSR등급 바리공주맛 쿠키 리뷰
쿠키런 크럼블 토벌	nQmoWQn1TCY	2일 전	조회수 23,870회	1:27	누리머 Noorimer	[쿠키런 크럼블] 덱 1개로 전부 끝내는 일일던전 조합 최신 공략 ft. 달토끼맛 쿠키
쿠키런 크럼블 토벌	n9Ow31R9Vys	3일 전	조회수 17,402회	1:27	VART	쿠키런 크럼블 스테이지 덱 오토 최신 공략 조합(300 스테 이상도 가능)
쿠키런 크럼블 토벌	s4Y3glSPJPk	1개월 전	조회수 63,957회	10:41	ND러너	쿠키런 크럼블 "최악의 행동" 계정을 망치는 대참사 절대 하지마세요!! 꼭 알아야 할 팁 정보
쿠키런 크럼블 토벌	h9HQal9H15Y	3주 전	조회수 35,636회	11:00	ND러너	쿠키런 크럼블 최신 장비 능력 선택 왼쪽 오른쪽 고민하시는 분?? 꼭 보세요!!
쿠키런 크럼블 토벌	DMvAmT9Cfqg	2주 전	조회수 82,393회	7:02	ND러너	쿠키런 크럼블 체리콜라 "방치덱" 스테이지 "자동 클리어" 최고조합 성능 미쳤습니다 ㄷㄷ
쿠키런 크럼블 토벌	CDrrPsquK-o	9일 전	조회수 17,884회	3:49	누리머 Noorimer	[쿠키런 크럼블] 길드토벌전 1700억 고득점 덱 공략 ft. 체리맛 쿠키
쿠키런 크럼블 토벌	a-c5ZD-Apmk	11일 전	조회수 10,412회	2:38	그니	쿠키런 크럼블 길드 토벌전 고득점 공략
크럼블 토벌 17초 생존	CDrrPsquK-o	9일 전	조회수 17,884회	3:49	누리머 Noorimer	[쿠키런 크럼블] 길드토벌전 1700억 고득점 덱 공략 ft. 체리맛 쿠키
크럼블 토벌 17초 생존	Zvwet0mrkuU	1일 전	조회수 10,334회	1:28	VART	쿠키런 크럼블 토벌전 덱 무과금 최신 공략
크럼블 토벌 17초 생존	HuI2hIlEmyI	3주 전	조회수 22,169회	2:33	누리머 Noorimer	[쿠키런 크럼블] 길드토벌전 고득점 덱 공략 ft. 치즈케이크맛 쿠키 운빨
크럼블 토벌 17초 생존	hnvT2o5cU20	1일 전	조회수 8,937회	3:10	서신우	[쿠키런크럼블] 길드 토벌전 544G 공략 (와사비 공격력 조절)
크럼블 토벌 17초 생존	yadnyiJP1mk	3주 전	조회수 50,716회	8:01	ND러너	쿠키런 크럼블 "가장 쉽고" 고득점 100G이상 피냐타 길드 토벌전 공략 가이드
크럼블 토벌 17초 생존	0BP5FN-BqEY	10일 전	조회수 13,652회	2:09	서신우	[쿠키런크럼블] 길드 토벌전 957억 공략 (치즈)
크럼블 토벌 17초 생존	XeD4c3AuQAs	9일 전	조회수 30,885회	6:19	ND러너	쿠키런 크럼블 "황금갓방울 크럼블던전" 1800억 이상 고득점 공략 가이드 완결판
크럼블 토벌 17초 생존	UZf0DkMqGJM	9일 전	조회수 9,018회	3:47	서신우	[쿠키런크럼블] 길드 토벌전 1,058억 공략 (체리)
크럼블 토벌 17초 생존	VVHt98jkWCo	4시간 전	조회수 796회	1:13	VART	쿠키런 크럼블 경험치 던전 오토 덱 최신 공략(630,640스테 버전)
크럼블 토벌 17초 생존	a-c5ZD-Apmk	11일 전	조회수 10,412회	2:38	그니	쿠키런 크럼블 길드 토벌전 고득점 공략
크럼블 토벌 17초 생존	nQmoWQn1TCY	2일 전	조회수 23,870회	1:27	누리머 Noorimer	[쿠키런 크럼블] 덱 1개로 전부 끝내는 일일던전 조합 최신 공략 ft. 달토끼맛 쿠키
크럼블 토벌 17초 생존	BgvtdSm5e_w	8일 전	조회수 9,654회	2:50	서신우	[쿠키런크럼블] 길드 토벌전 169G 공략 (공격력 순서 변경)
크럼블 토벌 17초 생존	4v2xDWV13fg	6시간 전	조회수 2,669회	1:52	VART	쿠키런 크럼블 크럼블 던전 공략(250G 공략)
크럼블 토벌 17초 생존	n9Ow31R9Vys	3일 전	조회수 17,402회	1:27	VART	쿠키런 크럼블 스테이지 덱 오토 최신 공략 조합(300 스테 이상도 가능)
cookie run crumble guild conquest	sfAN2GhTKBI	3주 전	조회수 15,776회	9:28	Samool	Guild Conquest Team & Tips - Score Higher!! [Cookie Run Crumble]
cookie run crumble guild conquest	1MZFA2ZULlA	8일 전	조회수 3,919회	3:39	EggZaMonkey EX	Cookie Run Crumble: Guild Conquest Lineup! UPDATE! 26 BILLION Damage!
cookie run crumble guild conquest	M8PUliq4k3U	2주 전	조회수 6,832회	2:55	EggZaMonkey EX	NEW Guild Conquest Team Lineup! 16 BILLION Damage! Cookie Run Crumble! 
cookie run crumble guild conquest	yB4RTjqmGlo	1일 전	조회수 3,187회	1:41	EggZaMonkey EX	Cookie Run Crumble: NEW Guild Conquest Lineup! 72 BILLION Score! 
cookie run crumble guild conquest	FX8jMOCZDaA	3주 전	조회수 7,119회	2:01	Yeon Pixie	(cookie run crumble) guild conquest 25G dmg team
cookie run crumble guild conquest	EaQ2upQ5eQY	3주 전	조회수 3,287회	5:06	EggZaMonkey EX	How to Get High Scores in Guild Conquest! Two Teams to Get High Scores! Cookie Run Crumble! 
cookie run crumble guild conquest	UzLYmJMIJik	2일 전	조회수 708회	3:23	Cortazar Reus	Cookie Run : Crumble Guild Conquest
cookie run crumble guild conquest	m7EeDeK1emI	4주 전	조회수 12,285회	10:19	GoraxPlays	The BEST Teams to Maximise Your Damage in Guild Conquest | CookieRun Crumble
cookie run crumble guild conquest	lSWwGIJ8nZA	3주 전	조회수 5,664회	8:22	Chateaw	Best Team to Boost your Damage in Guild Conquest as F2P | Cookie Run Crumble
cookie run crumble guild conquest	GhLnet6OZmc	1개월 전	조회수 34,052회	11:01	F2P Sol	스텔라 링크 잠금 방법이 잘못됐습니다 | 쿠키런 크럼블 (90% 성공률)
cookie run crumble guild conquest	GVIaMj1sWtE	2시간 전	조회수 35회	3:04	EggZaMonkey EX	Cookie Run Crumble: Innovite Dungeon Team Lineup & Strategy! Stage 500 & Up!
cookie run crumble guild conquest	okX9nNToYCg	2주 전	조회수 2,201회	6:20	EggZaMonkey EX	Cherry Cola Sugar Runes Build & Team Lineup! Rapid Fire + Duration Synergy Build! Cookie Run Crumble
cookie run crumble guild conquest	nc02d1c6-ZQ	2주 전	조회수 2,686회	15:50	EggZaMonkey EX	Cookie Run Crumble Next Update Ideas! Fantasy Booking! Cookie Run Crumble! 
cookie run crumble guild conquest	htvbcf6Omrk	3주 전	조회수 5,975회	2:01	Yeon Pixie	crc guild conquest 10G dmg (without tea knight)
cookie run crumble guild conquest	eFB-H6aveQ8	1일 전	조회수 10,711회	10:34	Samool	New Arena Meta Is CRAZY! Charge Cookies From Worst To BEST?! [Cookie Run Crumble]
cookie run crumble guild conquest	gi9BN5QD654	3주 전	조회수 36,849회	19:55	Samool	BEST Teams For ALL CONTENT! Post Skill Amp Nerfs! September 2026 [Cookie Run Crumble]
cookie run crumble guild conquest	T3kIx1CdGhU	4주 전	조회수 23,826회	1:50	누리머 Noorimer	[CookieRun: Crumble] Guild Battle Guide ft. Brightseeker Cookie, Tea Knight Cookie
cookie run crumble guild conquest	HuI2hIlEmyI	3주 전	조회수 22,169회	2:33	누리머 Noorimer	[CookieRun: Crumble] Guild Battle High-Score Deck Guide ft. Cheesecake Cookie
cookie run crumble guild conquest	gryPggiuip8	5일 전	조회수 4,365회	29:36	EggZaMonkey EX	Cookie Run Crumble 23 September Patch Notes! HUGE Changes Coming to Cookie Run Crumble!
cookie run crumble pinata 1T	jZHqAVJAWvM	1개월 전	조회수 2,982회	17:56	F2P Sol	CookieRun: Crumble Spender's Guide - What's Actually Worth Buying
cookie run crumble pinata 1T	bV2sldyVRBE	1개월 전	조회수 6,894회	0:28	EggZaMonkey EX	“Drilling Away!” Stage 38-30 Cool Mint Cookie Boss! Cookie Run Crumble! #shorts #cookieruncrumble
cookie run crumble pinata 1T	gi9BN5QD654	3주 전	조회수 36,849회	19:55	Samool	BEST Teams For ALL CONTENT! Post Skill Amp Nerfs! September 2026 [Cookie Run Crumble]
cookie run crumble pinata 1T	VOc3UfWLDQQ	1개월 전	조회수 9,395회	0:26	j.	SECRET TIP for FAST PROGRESSION in Cookie Run Crumble
cookie run crumble pinata 1T	tycHs7V6z-g	1개월 전	조회수 2,304회	0:32	EggZaMonkey EX	“Don’t Flinch!” Stage 37-20 Tainted Ent Boss! Cookie Run Crumble! #shorts #cookieruncrumble
cookie run crumble pinata 1T	yB4RTjqmGlo	1일 전	조회수 3,187회	1:41	EggZaMonkey EX	Cookie Run Crumble: NEW Guild Conquest Lineup! 72 BILLION Score! 
cookie run crumble pinata 1T	e3oz40IIrFw	2주 전	조회수 5,498회	13:08	GoraxPlays	CookieRun Crumble Just Changed A LOT! | New Update Explained
cookie run crumble pinata 1T	MYaDweu2how	1개월 전	조회수 97,717회	0:55	HyperHimes	Is Cookie Run: Crumble A GOOD Game? #Shorts #CookieRun #CookieRunCrumble #CRC #New #Review #PNGTuber
cookie run crumble pinata 1T	-OKFpHNkOm0	1개월 전	조회수 12,131회	3:54	Jozhua	Get 100% Area WITHOUT Wasting Shuffles — Stellar Link Guide | CookieRun: Crumble
cookie run crumble pinata 1T	VbHJMG7uQo0	4주 전	조회수 2,388회	17:56	TrulyFluffy	Pinot Noir Cookie is BUSTED | CookieRun: Crumble
cookie run crumble pinata 1T	3TzHkeMzVvc	1개월 전	조회수 10,942회	15:57	Samool	Is Cookie Run Crumble Good? I Played Cookie Run Crumble NONSTOP For 10 Days... The Good And The Bad!
cookie run crumble pinata 1T	m7EeDeK1emI	4주 전	조회수 12,285회	10:19	GoraxPlays	The BEST Teams to Maximise Your Damage in Guild Conquest | CookieRun Crumble
cookie run crumble pinata 1T	Xhw4Z6_q56k	1개월 전	조회수 6,716회	18:43	F2P Sol	당신의 전투력은 거짓입니다 — CookieRun: Crumble 장비 & 강화 가이드
cookie run crumble pinata 1T	Eogwiki-i2g	1개월 전	조회수 11,493회	8:21	Samool	These Stats Are WAY MORE IMPORTANT Than You Think! Which Equipment To Use? [Cookie Run Crumble]
cookie run crumble pinata 1T	sUHJbXqSSIY	1개월 전	조회수 978회	0:58	F2P Sol	Spreading Six Stellar Link Locks Averages 56% Area | CookieRun Crumble
cookie run crumble pinata 1T	9JxTQJNTMJU	1개월 전	조회수 7,399회	0:21	F2P Sol	CookieRun Crumble Doesn't Use 5-Cookie Teams - You Field TWELVE At Once
cookie run crumble pinata 1T	LYvs7ADujv8	1개월 전	조회수 3,392회	14:51	TrulyFluffy	CookieRun: Crumble is AMAZING
cookie run crumble pinata 1T	V0FVYHD9tqA	1개월 전	조회수 22,364회	25:28	Samool	Cookie Run Crumble Beginner Guide! Tips To Progress FAST & Break Progression Walls!
