id	date	likes	comments	views	title
45322	2026-09-23	19	8	2542	PVP 콘텐츠 비정상 플레이 조치 및 모니터링 강화 안내
45166	2026-09-23	9	5	2666	9월 23일(수) 확인된 현상 안내 (9/23 21:33 내용 추가)
44466	2026-09-22	35	59	12087	플레이트 강화 시스템 개선 및 소급 보상 안내 (12:58 내용 추가)
44419	2026-09-22	22	28	11039	9월 23일(수) 점검 사전 안내 (9/23 15:00 점검 완료)
42352	2026-09-16	6	17	2824	구글 플레이스토어 결제 불가 현상 안내
41631	2026-09-15	50	104	21047	9월 17일(목) 마일리지 교환소 상품 변경 안내 (9/16 17:40 내용 추가)
41521	2026-09-15	26	34	13787	9월 23일(수) 업데이트 점검 시간 변경 및 종료 일자 변경 항목 안내
41074	2026-09-14	32	39	6689	26.09.14(월) 불량 이용자 제재 조치 안내
38797	2026-09-10	207	225	29680	안녕하세요, 쿠키런: 크럼블 팀입니다.
37659	2026-09-09	24	63	16131	9월 10일(목) 점검 사전 안내 (9/10 17:00 점검 완료)
32054	2026-08-31	11	46	12151	8월 31일(월) 확인된 현상 안내 (9/1 17:45 내용 추가)
31505	2026-08-31	44	163	17972	신규 스테이지 퀘스트 보상 개편 및 향후 적용 계획 안내
31468	2026-08-31	58	73	12470	8월 31일(월) 긴급 점검 안내​
28717	2026-08-28	48	116	15566	신규 스테이지 퀘스트 보상 관련 향후 대응 방향 안내
26718	2026-08-27	23	112	13577	8월 27일(목) 확인된 현상 안내
26586	2026-08-27	28	61	13657	스킬 증폭 적용 방식 수정 및 슈가룬 재화 환급 안내
25948	2026-08-26	101	75	19321	반복 퀘스트 개선 및 보상 소급 지급 안내
25671	2026-08-26	28	51	16510	8월 27일(목) 점검 사전 안내 (8/27 17:00 점검 완료)
24602	2026-08-24	31	55	10160	플레이트 강화 연출 및 표기 현상 관련 안내
22460	2026-08-20	46	53	10845	길드 신규 가입 및 기부 관련 후속 조치 안내
20140	2026-08-16	16	30	7138	구글 플레이스토어 결제 불가 현상 관련 추가 안내( 수정 완료, 8/17 08:30)
19718	2026-08-16	16	38	3724	구글 플레이스토어 결제 불가 현상 안내
17274	2026-08-13	23	12	5983	초코왕방울 룰렛 이벤트 미션 관련 및 보상 지급 안내
17169	2026-08-13	19	16	8160	8월 13일(목) 확인된 현상 안내 (8/13 20:30 수정)
16055	2026-08-12	33	38	15204	8월 13일(목) 점검 사전 안내 (8/13 17:00 점검 완료)
14100	2026-08-09	113	86	13335	길드 콘텐츠 관련 이슈 및 조치 안내(8/9 22:51 내용 수정)
10405	2026-08-06	70	54	13959	TSSR 오븐방랑자 쿠키 밸런스 상향 안내
9827	2026-08-05	59	43	11135	업데이트 진행 주기 안내
9621	2026-08-05	13	9	6024	패키지 상품 판매 종료 및 리뉴얼 안내
8749	2026-08-04	24	35	11323	8월 4일(화) 확인된 현상 안내 (8/6 21:50 내용 추가)
7982	2026-08-03	19	11	4260	아레나 방어팀 피해 감소 효과 미적용 현상 관련 안내
7945	2026-08-03	17	14	4544	8월 4일(화) 임시 점검 사전 안내
2444	2026-07-30	53	70	12090	난이도 조정에 따른 불편에 대해 진심으로 사과드립니다.
1922	2026-07-30	23	112	6204	난이도 밸런스 재조정 진행 및 사과 보상 안내 (7/30 22:40 내용 추가)
1431	2026-07-30	25	21	10933	7월 30일(목) 확인된 현상 안내 (8/5 19:49 내용 추가)
1162	2026-07-30	21	13	3149	콘텐츠 난이도 및 밸런스 개선 안내
727	2026-07-30	6	4	2718	특정 패키지 상품 가격 설정 오류 및 조치 안내
289	2026-07-28	30	16	7712	쿠키런 키우기! 쿠키런: 크럼블 사전등록 200만 달성 안내
226	2026-07-21	21	12	2252	쿠키런 키우기! 쿠키런: 크럼블 정식 오픈 일정 안내
202	2026-07-15	29	2	1596	공식 카페 내 사칭 및 스팸 게시글 관련 유의사항
183	2026-07-13	21	14	1460	쿠키런 키우기! 쿠키런: 크럼블 사전등록 150만 달성 안내
161	2026-07-08	15	13	1259	쿠키런 키우기! 쿠키런: 크럼블 사전등록 100만 달성 안내
