DCmFEOU2ADY	쿠키런 크럼블 아레나 덱 최신 공략(와레나 돌격덱)	VART	3일 전	조회수 9,027회
eErJei-fwUg	쿠키런 크럼블 최신 아레나 조합추천 체리콜라 업뎃 기준	ND러너	2주 전	조회수 42,214회
aS1C4ucZFWY	[쿠키런 크럼블] 바리공주맛 쿠키 스테이지 종결 덱 공략	누리머 Noorimer	7시간 전	조회수 5,571회
8k0-Yvtlqx8	[쿠키런크럼블] 고등급 없는 아레나 호밀덱 공략	서신우	16시간 전	조회수 7,176회
2cmvc6PH4Xg	[쿠키런 크럼블] 서버 2위 유저가 알려주는 9월 아레나 덱 추천 공략	누리머 Noorimer	10일 전	조회수 14,988회
_D4EvaRYdJY	[쿠키런크럼블] 와글와글에서 사용하기 좋은 아레나 바리덱 공략	서신우	4일 전	조회수 17,153회
8X87OGpHC8Q	쿠키런 키우기 크럼블 PVP & 아레나 이 덱이 진리입니다 바꾸세요 [사키엘TV]	사키엘 TV	3주 전	조회수 12,457회
lkvjzy8JgyQ	쿠키런 크럼블 아레나 덱 무과금 최신 공략(와레나 호밀덱)	VART	3일 전	조회수 11,112회
-8CdjuSa_Ec	[SHORT] 사람들이 크럼블 아레나에서 놓치는 것, 조회수 2.4천회 - Shorts 동영상 재생			
UItmApP6BQI	[SHORT] 쿠키런 크럼블 아레나 덱 추천, 조회수 2.7천회 - Shorts 동영상 재생			
Ogl1-ROfoDs	[SHORT] 쿠키런 크럼블 아레나용 허브덱 소개, 조회수 4.4천회 - Shorts 동영상 재생			
Usxnk_88ajM	[SHORT] 쿠키런 크럼블 아레나모드 팁, 조회수 3.1천회 - Shorts 동영상 재생			
bOrvrcBiAh8	[SHORT] 쿠키런 크럼블 아레나 덱 추천, 조회수 966회 - Shorts 동영상 재생			
tZJ5wzhcUA8	쿠키런 크럼블 최신 스테이지 최고 조합 바리공주 기준	ND러너	2일 전	조회수 43,405회
d39sxiemOPk	[쿠키런크럼블] 아레나 치즈덱 공략	서신우	11일 전	조회수 15,227회
CQ8kor0hQas	[쿠키런 크럼블] 바리공주맛 쿠키 5성 과연 돈값 할까?	누리머 Noorimer	3일 전	조회수 13,755회
isWDn1efUxo	[SHORT] 쿠키런 크럼블 아레나는 조급해하지 말기 #cookieruncrumble #쿠키런크럼블, 조회수 1.2천회 - Shorts 동영상 재생			
EdV9_hsk_LU	[SHORT] 이터널슈가 버그판인가???, 조회수 87만회 - Shorts 동영상 재생			
AX_Rr19Ak7M	[SHORT] [쿠키런크럼블] 아레나에서 힐러끼리 남으면 어떻게 될까?, 조회수 8.6천회 - Shorts 동영상 재생			
XggsNMvd2yI	[SHORT] 크럼블링 가이아는 샬럿에게 너무 격렬해 보여, 조회수 443회 - Shorts 동영상 재생			
WRXpAmniFyM	[SHORT] 니가 왜 거기서 나와, 조회수 49만회 - Shorts 동영상 재생			
EwsSUIr8sY8	[SHORT] 요즘 쿠킹덤 아레나 서열, 조회수 32만회 - Shorts 동영상 재생			
QsbeeRGxzyk	[SHORT] 프리즘 3개 쉬바나 (결대,치속 정복, 거인) #크리의게임이야기 #아레나모드, 조회수 2.4천회 - Shorts 동영상 재생			
zmI1aDFuKmQ	[SHORT] 			
xjPLm0PqMqw	[SHORT] 쿠키런 크럼블 스테이지 259-20 폭주단 트럭 보스 공략 가이드 전투력 1G 134M 클리어, 조회수 1.1천회 - Shorts 동영상 재생			
gC_T7xk-2Mc	[SHORT] [사이퍼즈] 강습 크럼블링 가이아, 조회수 690회 - Shorts 동영상 재생			
otQyCuceAF8	[SHORT] 오늘 진짜 논란 터졌다는 쿠키런, 조회수 169만회 - Shorts 동영상 재생			
CBrleHyz0LA	[SHORT] 쿠키런 신작 최상위 등급 뽑기 연출 ㄷㄷㄷㄷ, 조회수 9만회 - Shorts 동영상 재생			
CJw5Nhf36TU	[SHORT] 크럼블 아레나! 팝콘 vs 팝콘 | 쿠키런: 크럼블 [Cookie Run: Crumble], 조회수 1.1만회 - Shorts 동영상 재생			
uR4ubWPSHBQ	[SHORT] 쿠키런 크럼블 이야기 #4, 조회수 3만회 - Shorts 동영상 재생			
lzj4onQ6ozg	[SHORT] 쿠키런 크럼블 2차 쿠폰, 조회수 9.8천회 - Shorts 동영상 재생			
qYM9828dQL8	[SHORT] 쿠키런 크럼블 302-2 #redberryassassin #레드베리암살자 #레드베리 #쿠키런크럼블 #cookieruncrumble #쿠키런크럼블공략, 조회수 96회 - Shorts 동영상 재생			
X5DBM-GUGXc	[SHORT] 쿠키런 크럼블 스테이지 251-30 비겁한 쿠키 보스 공략 가이드 전투력 924M 클리어, 조회수 615회 - Shorts 동영상 재생			
ghWN8hNr9Jo	[SHORT] 아레나 덱 변경?, 조회수 51만회 - Shorts 동영상 재생			
R0T4IbTw9_E	[SHORT] 쿠키런 크럼블 1일차, 조회수 10만회 - Shorts 동영상 재생			
NQJTTpkiBUE	[SHORT] 쿠키런:크럼블)연타덱 결투장 영상!, 조회수 3천회 - Shorts 동영상 재생			
2HHJY5PRwFg	쿠키런 키우키 크럼블 이 덱이 현재 최강덱입니다. 스테이지 & 아레나까지 다 쌉가능! [사키엘TV]	사키엘 TV	2일 전	조회수 8,734회
a87nwlTOPZM	쿠키런 크럼블 아레나 조합추천 팁 정보 뭐가 가장 좋을까?? 이거 보고 해보세요	ND러너	1개월 전	조회수 53,672회
hWeaK2GjK2E	[쿠키런 크럼블] 신규 콘텐츠 와글와글 아레나 출시 예정	누리머 Noorimer	6일 전	조회수 7,809회
DMvAmT9Cfqg	쿠키런 크럼블 체리콜라 "방치덱" 스테이지 "자동 클리어" 최고조합 성능 미쳤습니다 ㄷㄷ	ND러너	2주 전	조회수 82,529회
1AyEMtaE-s4	쿠키런 크럼블 차원의 이면 16단계 도전	ND러너		
nQmoWQn1TCY	[쿠키런 크럼블] 덱 1개로 전부 끝내는 일일던전 조합 최신 공략 ft. 달토끼맛 쿠키	누리머 Noorimer	3일 전	조회수 24,749회
x8pYvjZQ6v8	프리셋 추천옵션 총정리! 아레나 프리셋과 그 외 콘텐츠까지 [쿠키런 키우기 / 쿠키런 크럼블]	꽝라멩	5일 전	조회수 8,873회
745IQ6IxQ4k	앞라인 녹여버리는 아레나덱 추천! 딸기 연타덱 [쿠키런 키우기 / 쿠키런 크럼블]	꽝라멩	3주 전	조회수 35,118회
sMQIOJFz5nY	[쿠키런크럼블] 베테랑 용병단의 아레나 최신 공략	서신우	3주 전	조회수 16,690회
XE64ij2nDGw	[SHORT] 쿠키런 크럼블 스테이지 256-20 얼음사탕 골렘 보스 공략 가이드 전투력 1G 1M 클리어, 조회수 555회 - Shorts 동영상 재생			
W04kzNkDVps	[SHORT] 쿠키런 크럼블 신쿠뽑기 #cookieruncrumble #쿠키런크럼블 #crk, 조회수 3.1천회 - Shorts 동영상 재생			
lt01G257TW0	[SHORT] 쿠키런 크럼블 스테이지 258-30 쿨링민트맛 쿠키 보스 공략 가이드 전투력 1G 43M 클리어, 조회수 377회 - Shorts 동영상 재생			
XiQU0CpmDBI	역대 최강의 사기 크럼블 돌격 쿠키 등장 ㄷㄷ TSSR등급 바리공주맛 쿠키 리뷰	ND러너	3일 전	조회수 32,560회
kUfQJkhK2II	[SHORT] 쿠키런 크럼블 아레나 덱 추천, 조회수 5천회 - Shorts 동영상 재생			
Zvwet0mrkuU	쿠키런 크럼블 토벌전 덱 무과금 최신 공략	VART	2일 전	조회수 11,247회
t63kl7VJ3dM	[SHORT] 쿠키런 크럼블 37-20 극딜전갈 클리어덱(3.76M) 결국 전갈이 답이다, 조회수 3만회 - Shorts 동영상 재생			
oO7a7f1N600	[SHORT] 쿠키런 캐릭터 과거와 비교, 조회수 100만회 - Shorts 동영상 재생			
CRtqLguX0ek	[SHORT] 쿠키런 킹덤 가장 많이 쓰는 아레나 덱 top 3 (2025년 3월 초), 조회수 13만회 - Shorts 동영상 재생			
hlCUu8jK2rw	[SHORT] 3달 동안 접은 나를 그마로 올려준 아레나 덱[쿠키런 킹덤], 조회수 30만회 - Shorts 동영상 재생			
xp-1OA4MUog	[SHORT] 쿠킹덤 2주일차의 아레나 덱 구성하기 #쿠키런킹덤 #쿠킹덤 #아레나 #쉐도우밀크쿠키 #생크림담비쿠키 #어둠마녀쿠키 #퓨어바닐라쿠키 #세인트릴리쿠키 #초보 , 조회수 4.3만회 - Shorts 동영상 재생			
POWqm2W4dag	[SHORT] [쿠킹덤]쉐도우 밀크 진짜 등급#진짜등급, 조회수 70만회 - Shorts 동영상 재생			
tQ2b6KGISfY	[SHORT] 쿠키런크럼블 아레나 조합 추천 #쿠키런크럼블 #아레나, 조회수 1.8천회 - Shorts 동영상 재생			
YGo5nZ6rI2s	[SHORT] 쿠키런 크럼블 32:30 비겁한 쿠키 저스펙(2.05M)극딜 전갈덱 공유, 조회수 5.1만회 - Shorts 동영상 재생			
tp0WzoIpSC4	[SHORT] 킹덤 아레나가 망했습니다, 조회수 73만회 - Shorts 동영상 재생			
sgDzCdZubFI	쿠키런 크럼블 등급도 낮은데..?? 모든 컨텐츠 "1티어급" 이 쿠키를 아시나요??	ND러너	6일 전	조회수 17,427회
m8As_hYKMag	롤 역사상 가장 센 렝가 쿨0초 WQWQWQ 환무신주 조합 [아레나 올챔 우승 #10]	떡호떡	8시간 전	조회수 14,320회
34A6OeOj3Bo	[쿠키런크럼블] 마일리지로 와글와글 아레나 티켓 살 수 있는 거 알고 계신가요? (구매 우선 순위 포함)	서신우	3일 전	조회수 6,209회
y8Np6TqWm4o	[SHORT] 진짜로 떨어지는 사람, 조회수 2.3천회 - Shorts 동영상 재생			
6NSuYCyOMg8	[SHORT] 아레나에 마법공학 정거장이 추가됩니다!! 🏟️, 조회수 3.7천회 - Shorts 동영상 재생			
uJ7D9o9zTaE	[SHORT] 셔틀에 와글와글 회심의 드랍 결과는? #스타크래프트 #셔틀 #드랍 #스타플레이, 조회수 2만회 - Shorts 동영상 재생			
v_onsmnmHxw	[SHORT] [아레나 브레이크아웃] 상상과현실, 조회수 1.5만회 - Shorts 동영상 재생			
ZAGh68pRgOM	[SHORT] 구마유시가 카이사를 못해? #티원 #t1 #구마유시 #오너 #케리아 #페이커 #도란, 조회수 1.7만회 - Shorts 동영상 재생			
DR4M97BtRMc	와글와글던전 보드게임 애니메이션 설명 Dungeon Busters	DiceTown	5년 전	조회수 2,699회
QGvJhLSAf2M	WWWW 쿨타임0초 방방 누누 아레나	떡호떡	9일 전	조회수 19,428회
jgh19WQYHq0	[SHORT] 우리팀, 조회수 250회 - Shorts 동영상 재생			
ovJvL1bNoBA	[SHORT] 브롤스타즈 핫존맵 이기기!!, 조회수 37회 - Shorts 동영상 재생			
J49aWQ2zp5k	[SHORT] 			
zEh0smU_awU	[SHORT] UP에서 내 기록을 넘겨보세요 — 월드원: 아레나, 조회수 141회 - Shorts 동영상 재생			
Bk-ygsl3Fno	[SHORT] W 딸깍에 \			
N2Okrq45S58	자동화 초고점 롤 서버도 폭파시키는 아레나 고점 빌드 ㄷㄷ  [아레나 올챔 우승#9] 트페 뱀서 탕탕 빌드	떡호떡	1일 전	조회수 37,904회
Vz7n0uT57LM	무한 스턴에 무한 분신술 쓰는 볼리베어 본인도 뭐가 뭔지 모름 ㅋㅋ [아레나 올챔우승 #2]	떡호떡	6일 전	조회수 33,784회
vq357Ct6cxk	[뱀피르] 꿀잼 업데이트 아레나	우천	13시간 전	조회수 3,793회
ihT9AyQGSgo	[인터넷 와글와글]'강남구 지정 '명품건전클럽' 아레나 포함 "나랏돈 들여 홍보" 비판'외 3개의 키워드 기사 [굿모닝MBN]	MBN News	7년 전	조회수 190회
vZR6KqTIn_8	불맛 핫도그로 불 뿜는 아레나 전용 신규 증강 체험 어이없는 성능 ㅋㅋㅋ	떡호떡	4일 전	조회수 24,177회
8Q5kHtDAE1c	오로라 무한 분신으로 완전 개판 아레나 ㅋㅋㅋ  & 한방딜40000 개쩌는 나미	떡호떡	4주 전	조회수 22,811회
b1FrsoP0r6k	이세계 관문 생긴 개판 아레나에서 드레이븐으로 우승까지 [아레나 올챔 우승 #6]	떡호떡	3일 전	조회수 18,195회
1s-4znzG9q8	길드원 리버스 람피온 해봄	따모		
VsebsFZNnhQ	아레나 체험기	PAKA	3년 전	조회수 981,350회
PGMaZoQ-84I	와글와글 시장이 좋아 고산미소시장 (211127 안성훈, 해수)	와글TV	4년 전	조회수 1,427회
z0DEt4v30DE	[SHORT] 승리의여신니케 아레나, 조회수 839회 - Shorts 동영상 재생			
hL5yt2LO1To	[SHORT] 쿠키런 크럼블 스테이지 255-10 용암 와플 도마뱀 보스 공략 가이드 전투력 983M 클리어, 조회수 666회 - Shorts 동영상 재생			
780aDtXYT2g	[SHORT] 쿠키런 크럼블 스테이지 261-20,30 오염된 그루터기 정령 보스 공략 가이드 전투력 1G 132M 클리어, 조회수 347회 - Shorts 동영상 재생			
sOf3bn0Bpg0	[SHORT] 쿠키런 크럼블 스테이지 255-30 용암 슈가 와플 도마뱀 보스 공략 가이드 전투력 1G 3M 클리어, 조회수 666회 - Shorts 동영상 재생			
MxJ7HUD1jVw	쿠키런 크럼블 경험치 던전 오토 최신 공략(600 스테 이상도 가능)	VART	4일 전	조회수 15,811회
QpXZyROisSA	[SHORT] 와글와글 떼 전투, 바삭바삭한 쾌감 히트! | 쿠키런: 크럼블 | Google Play, 조회수 889만회 - Shorts 동영상 재생			
88-572aZo9g	[SHORT] [쿠키런 크럼블] 스테이지 30-30 클리어, 조회수 1.9만회 - Shorts 동영상 재생			
0PYLS3B4dBE	[SHORT] 크럼블 1일차, 조회수 7.8만회 - Shorts 동영상 재생			
jvI3XzxNAC8	[SHORT] 쿠키런 크럼블 스테이지 256-10 아이스콘 듀얼 나이트 보스 공략 가이드 전투력 984M 클리어, 조회수 682회 - Shorts 동영상 재생			
IA08nGPbxm0	[SHORT] 쿠키런 크럼블 스테이지 256-30 비겁한 쿠키 보스 공략 가이드 전투력 996M 클리어, 조회수 753회 - Shorts 동영상 재생			
vAL56M7IYD4	[쿠키런: 크럼블] 아레나 시즌3 마감런	옵윤 (OBYun)	2주 전	조회수 409회
o02dXWJx_lY	쿠키런 크럼블 전서버 아레나 컨텐츠?? 낼 업뎃 공지D-1	ND러너	스트리밍 시간: 5일 전	조회수 15,375회
_Tv-pqZliTg	쿠키런 크럼블 서버 1위가 계정을 삭제한 이유	영래기	4일 전	조회수 418,277회
n9Ow31R9Vys	쿠키런 크럼블 스테이지 덱 오토 최신 공략 조합(300 스테 이상도 가능)	VART	3일 전	조회수 18,015회
IA8urg1sGFM	[쿠키런 크럼블] 덱 1개로 전부 끝내는 일일던전 조합 공략	누리머 Noorimer	8일 전	조회수 23,500회
ARhdAa2bSk0	[SHORT] 쿠키런 크럼블 스테이지 259-30 비겁한 쿠키 보스 공략 가이드 전투력 1G 117M 클리어, 조회수 414회 - Shorts 동영상 재생			
eUAGWU-zgUs	쿠키런 크럼블 TSSR등급 바리공주맛 쿠키 출시 얼마나 강력할까??	ND러너	5일 전	조회수 37,870회
DRpuM-H9QhQ	오븐 방랑자 대부활 "적 3초컷" 바리공주와 함께 쓰면 최고의 사기 조합??	ND러너	1일 전	조회수 18,210회
pEIBJg19HMc	쿠키런 크럼블 바리공주 TSSR등급 업데이트 리뷰	ND러너	스트리밍 시간: 3일 전	조회수 32,699회
_NK1pfDw2q4	[SHORT] 쿠키런 크럼블 스테이지 254-20 망치공주 보스 공략 가이드 전투력 935M 클리어, 조회수 845회 - Shorts 동영상 재생			
og1PjGXugU0	[SHORT] 스테이지 86-20 망치공주 보스 공략 가이드 전투력 33.5M 클리어 쿠키런 크럼블, 조회수 4.6천회 - Shorts 동영상 재생			
oZmB_l0yMU4	바리공주 성능 뭐임?;; 돌격덱 스테이지덱으로 강추! [쿠키런 키우기 / 쿠키런 크럼블]	꽝라멩	1일 전	조회수 7,474회
5N9B9-dgCb4	쿠키런 크럼블 바리공주맛 쿠키 5성 찍으려면 얼마 써야할까?	VART	3일 전	조회수 8,384회
6lYrOJqrH-A	[SHORT] Cookie Run Crumble Stage 62-20 Hammer Princess Boss Strategy Deck Combat Power 16.44M, 조회수 7.5천회 - Shorts 동영상 재생			
nwIRtaoDVXg	쿠키런 크럼블 바리공주맛 쿠키 리뷰 오븐 방랑자맛 쿠키가 날개를 달 수 있는 이유	그니	4일 전	조회수 8,585회
zjIG9lz_vrA	[쿠키런크럼블] 신규 TSSR 바리 공주 출시!	서신우	6일 전	조회수 18,139회
TQViIb7NOh8	쿠키런 크럼블 스테이지 덱 최신 공략(바리체콜 손컨&오토덱)	VART	1일 전	조회수 11,690회
aOBJgOLM7rA	쿠키런 키우기 크럼블 바리공주맛 쿠키보다 달토끼맛 쿠키가 개사기인거 같습니다! [사키엘TV]	사키엘 TV	4일 전	조회수 11,062회
LCwYl46en8k	[쿠키런 크럼블] 바리공주맛 쿠키 출시! 오븐방랑자 드디어 쓸 날이 온 건가?	누리머 Noorimer	5일 전	조회수 6,767회
PlUHYvrVT-E	[SHORT] 쿠키런 크럼블 스테이지 248-30 비겁한 쿠키 보스 공략 가이드 전투력 914M 클리어, 조회수 1.5천회 - Shorts 동영상 재생			
4v2xDWV13fg	쿠키런 크럼블 크럼블 던전 공략(250G 공략)	VART	12시간 전	조회수 4,423회
g12qMiFB7Y8	Arena Meta Is SO FAST? No Healers? Full Aggro? [Cookie Run Crumble]	Samool	3주 전	조회수 17,983회
eFB-H6aveQ8	New Arena Meta Is CRAZY! Charge Cookies From Worst To BEST?! [Cookie Run Crumble]	Samool	2일 전	조회수 10,885회
NbE6h9yiGPU	How To Build Your Arena Teams! Beat STRONGER Opponents Easily! [Cookie Run Crumble]	Samool	1개월 전	조회수 20,849회
NVgn8VfVsH8	[SHORT] Princess Bari Cookie is here!ㅣCookieRun: Crumble – Idle RPG, 조회수 2.7만회 - Shorts 동영상 재생			
R93baYH9Mf8	[SHORT] Rumble ArenaㅣCookieRun: Crumble – Idle RPG, 조회수 1.5만회 - Shorts 동영상 재생			
ij9NLSmkpsc	[SHORT] Why Rajapendra is NOT Like Ancient+ #cookierunkingdom, 조회수 6.4만회 - Shorts 동영상 재생			
N4BYbDd7Bfg	[SHORT] COOKIE RUN CRUMBLE ARENA ⚔️, 조회수 766회 - Shorts 동영상 재생			
z7g-aggQtcA	[SHORT] #Shorts Strategy/Team I use for Innovite Dungeon - CookieRun: Crumble 🎮, 조회수 250회 - Shorts 동영상 재생			
4tYT2z1j4e0	NEW COOKIES LOOK INSANE!! Craziest Summon Session?! [Cookie Run Crumble]	Samool	4일 전	조회수 12,709회
uatG_TDGYps	Cookie Run Crumble: Season 5 Arena / PVP Team Lineup! Extremely Fun Team! 	EggZaMonkey EX	2일 전	조회수 4,479회
bOCz_mnjMQE	Cherry Cola's Damage Is CRAZY? First Impressions & Testing! [Cookie Run Crumble]	Samool	2주 전	조회수 18,048회
2g7T5Ar54Ao	[SHORT] Playing CRK as a F2P PLAYER be like..😔💞 || #cookierun #cookierunkingdom #crk, 조회수 151만회 - Shorts 동영상 재생			
YDvh41RMuHc	[SHORT] How it felt choosing my favorite Witch in CookieRun, 조회수 4.2만회 - Shorts 동영상 재생			
y4EaPFozvLE	[SHORT] DONT MISS THESE UPDATE REWARDS #cookierunkingdom, 조회수 2.9만회 - Shorts 동영상 재생			
emabq2XZXac	[SHORT] 💗Bestie Vibes Only 🤍 - (NOT A SHIP) Mystic Flour & Eternal Sugar - Cookie Run Kingdom - #shorts, 조회수 896만회 - Shorts 동영상 재생			
0uXMua7jP20	[SHORT] CookieRun: Crumble Idle RPG — Arena Climb, 조회수 530회 - Shorts 동영상 재생			
VKheezH61a8	[SHORT] The ArenaㅣCoookieRun: Crumble Idle RPG, 조회수 2.4만회 - Shorts 동영상 재생			
VKmaz-NBK6A	[SHORT] I AM CONFUSED!! #cookierunkingdom #crk #cookierun, 조회수 57만회 - Shorts 동영상 재생			
F5-FCiB8C3k	[SHORT] 당신이 몰랐던 쿠키들이 수영을 할 수 있다! 🤯 #쿠키런 #반바지 #쿠키런킹덤, 조회수 933만회 - Shorts 동영상 재생			
E2_lsRgjDBM	[SHORT] SHOULD YOU ACTUALLY TRY COOKIE RUN: CRUMBLE?, 조회수 1.2만회 - Shorts 동영상 재생			
xIvyFMl-oN4	[SHORT] this is how i farm failed defenses lol #cookierunkingdom #crk #arena, 조회수 45만회 - Shorts 동영상 재생			
cDpRz3vkxw8	[SHORT] A... WEDDING! #cookierun #crk, 조회수 423만회 - Shorts 동영상 재생			
edI2waI2FMM	[SHORT] Arcade Arena LOST THE PLOT #cookierunkingdom, 조회수 6.4만회 - Shorts 동영상 재생			
RfcQCOPPD2Y	[SHORT] The 2025 Arena Meta in a Nutshell // #cookierunkingdom #crk #shorts #memes #viral  #idkwhattoputhere, 조회수 7.9만회 - Shorts 동영상 재생			
6gmYkyZg35g	[SHORT] 🥶 #cookierunkingdom #cookierunkingdomtips #cookierun #idk #lol #crk #blowup #viral #crkmemes #fypシ, 조회수 1.8만회 - Shorts 동영상 재생			
nr-pmDfRB3Y	[SHORT] MY GINGERBRAVE can BEAT THE ARENA META..😨💞 || #cookierun #cookierunkingdom #crk, 조회수 322만회 - Shorts 동영상 재생			
opF_SEB9XsQ	[SHORT] Cookie Run: Crumble | New PVP Meta Medic Lineup, 조회수 5.3천회 - Shorts 동영상 재생			
3slPmvPaJ5o	[SHORT] Us twin if we're DOOMED AS HELL || #cookierunkingdom #cookierun #crk #fyp #fypシ゚viral #trend #fypシ, 조회수 2.3만회 - Shorts 동영상 재생			
3rJVMwjjku4	[SHORT] Wait come back ☹️ #cookierun, 조회수 396만회 - Shorts 동영상 재생			
xXb7oxs4QPA	[SHORT] We need to get this fixed… #cookierun #cookierunkingdom #crk #crkmemes #shorts #crkshort #short, 조회수 133만회 - Shorts 동영상 재생			
gz0cigrg4Zs	[SHORT] COOKIE RUN KINGDOM STOLE ALL MY MONEY 😭, 조회수 403만회 - Shorts 동영상 재생			
skUx_J1TinA	BEST Teams For All Content! Princess Bari & Moon Rabbit Updated [Cookie Run Crumble]	Samool	7시간 전	조회수 4,860회
gi9BN5QD654	BEST Teams For ALL CONTENT! Post Skill Amp Nerfs! September 2026 [Cookie Run Crumble]	Samool	3주 전	조회수 36,925회
YDFpycrQOJM	Cookie Run Crumble BEST Arena Team Setup	Chateaw	1개월 전	조회수 8,018회
hVSXVbSIe8o	Princess Bari's Damage Is The HIGHEST IN THE GAME?! INSANE Damage At 0 Stars?! [Cookie Run Crumble]	Samool	3일 전	조회수 11,648회
HcVx3n0gjpQ	[Cookie Run: Crumble] Equipment Preset Guide: How to Use	서신우	3일 전	조회수 10,909회
kqB71n8HDcc	Moon Rabbit Is The NEW MOST OP SSR COOKIE?! Makes Everyone INVINCIBLE! [Cookie Run Crumble]	Samool	3일 전	조회수 11,171회
MrekoLhoqRQ	UPDATED Teams For ALL CONTENT! What I Use & Alternatives! [Cookie Run Crumble]	Samool	1개월 전	조회수 31,716회
TvGfVjz34rc	This Arena Team is BROKEN in CookieRun: Crumble (Best PvP Team)	F2P Sol	1개월 전	조회수 10,976회
PCrRBH2z_ls	IS HE FINALLY USABLE??? Oven Wanderer 5* Star Showcase  [Cookie Run Crumble]	Samool	3주 전	조회수 12,401회
uzbk3XX1kcc	[SHORT] GingerCraven: Can't touch this 😎, 조회수 3.8만회 - Shorts 동영상 재생			
xmYIbsxt3Y0	[SHORT] this one is much more stronger and beats my old arena team:3 || #cookierunkingdom#cookierun#viral ||, 조회수 630회 - Shorts 동영상 재생			
qPcMqx2NqUE	[SHORT] which makes it more sad #cookierunkingdom, 조회수 1.2천회 - Shorts 동영상 재생			
wPtJlfEmcTw	[SHORT] CookieRun Dragon Size Comparison! 🐉, 조회수 35만회 - Shorts 동영상 재생			
2oXa09PYtv4	[SHORT] 0.0000% - Premium Gacha CAN'T Roll a TSSR at Gacha Lv.1 in CookieRun: Crumble, 조회수 3.7천회 - Shorts 동영상 재생			
BrgxjxSF_4A	[SHORT] Did Cookie Run Kingdom just fix their entire story?! 🥹 #crk #crkingdom #cookierunkingdom #shorts, 조회수 11만회 - Shorts 동영상 재생			
zBMm8QBFmS0	[SHORT] When a team has more power but your team is meta😼 #cookierunkingdom #cookierun #crk #fyp, 조회수 266만회 - Shorts 동영상 재생			
DpUvFqKAjMU	[SHORT] Gingerbrave gets baked, 조회수 969만회 - Shorts 동영상 재생			
YDHEg9eYVeo	[SHORT] [CookieTalk] The lore bombs in Crumble are wild, 조회수 4.5만회 - Shorts 동영상 재생			
oMsNmihWpvU	[SHORT] One day I’ll actually pull him #crk #cookierun #cookierunkingdom, 조회수 177만회 - Shorts 동영상 재생			
uMN3l0xzK_c	[SHORT] My Top 10 strongest Cookies, upgraded tops. #crk #cookierunkingdom #top10 #viralvideo, 조회수 76만회 - Shorts 동영상 재생			
MYaDweu2how	[SHORT] Is Cookie Run: Crumble A GOOD Game? #Shorts #CookieRun #CookieRunCrumble #CRC #New #Review #PNGTuber, 조회수 9.7만회 - Shorts 동영상 재생			
Mx1YzKqMYp4	[SHORT] THE BESTEST ARENA TEAM (top secret!!) #cookierunkingdom #cookierun #crk, 조회수 393만회 - Shorts 동영상 재생			
20awhoJl89Q	[SHORT] 			
dx4SQiDoL_8	[SHORT] The FINAL BOSS?! 😱, 조회수 286만회 - Shorts 동영상 재생			
lliDgBnieVk	[SHORT] Cookie Run: Crumble | Recommendation For PVP Line Up, 조회수 3.3천회 - Shorts 동영상 재생			
-e7-3-JrWmk	[Cookie Run Crumble] Stage Idle Deck Guide	서신우	4일 전	조회수 22,222회
plyrAxBDnNQ	Is The New Pet Worth Spending Diamonds On? [Cookie Run Crumble]	Samool	2일 전	조회수 7,553회
tYB98yHm1hw	Update: TSSR Princess Bari, SSR Moon Rabbit & Rumble Arena - Cookie Run Crumble	Jonooit	2일 전	조회수 140회
9uwusQqeAQA	[SHORT] Timekeeper Cookie (BS6-093) : CookieRun Braverse Card Feature  #cookierunbraveverse, 조회수 176회 - Shorts 동영상 재생			
gsKl39577aI	[SHORT] #Shorts Stage 184-30 GingerCraven Boss Fight CookieRun: Crumble 🎮, 조회수 1.1천회 - Shorts 동영상 재생			
lQdS4XX0o1I	[SHORT] that's why the old legendary cookies are useless in the arena... #cookierunkingdom #cookierun #crk, 조회수 7.9만회 - Shorts 동영상 재생			
TEi3YSTsM1c	[SHORT] You Will REGRET Investing in These Cookies Now! | Cookie Run Kingdom, 조회수 66만회 - Shorts 동영상 재생			
x44bVDC5EvA	[SHORT] Arena in SHAMBLES, but COUNTER Povidone Iodine WITHOUT USING HER with THIS..., 조회수 7.8만회 - Shorts 동영상 재생			
l5z-A23S674	[SHORT] BEASTS ARE COMING BACK #cookierunkingdom, 조회수 7.9만회 - Shorts 동영상 재생			
nZEr8ItWcls	[SHORT] My strongest power team i meant 😭 #cookierunkingdom ##cookierun #crk #strongestcookie #shorts #crkyt, 조회수 1.6천회 - Shorts 동영상 재생			
z4BpYNomD9c	[SHORT] Guild Crumb ClashㅣCookieRun: Crumble – Idle RPG, 조회수 2.7만회 - Shorts 동영상 재생			
bzjCE8QWnJc	[SHORT] the crk arena is gonna change so much 💔#cookierunkingdom #cookierun #crk ib: @crk_candyking123 on tt, 조회수 60만회 - Shorts 동영상 재생			
P5bvlzuP6Bs	[SHORT] my crk arena team! (pls give advice) #crk #cookierun #cookierunkingdom #myteam #crkarena, 조회수 9만회 - Shorts 동영상 재생			
fFzhlIZiQPc	[SHORT] NEW! Pinot Noir Is OP?! 🍷 | CookieRun Crumble #cookieruncrumble #cookierun #idlerpg, 조회수 1.1천회 - Shorts 동영상 재생			
WhTXwWa8qk4	[SHORT] Evolution of cookie run kingdom making #Shorts #Evolution #cookierunkingdom, 조회수 270만회 - Shorts 동영상 재생			
Dj7iqO-GjaQ	[SHORT] Gingerbrave is META NOW!! No cap, trust me #cookierunkingdom #cookierun #crk, 조회수 225만회 - Shorts 동영상 재생			
fodlGJlG86I	[SHORT] The duality of Cookie Run Crumble PVP. 🫪 #cookierun #cookieruncrumble #cookierunedit #niulai #memes, 조회수 1.5천회 - Shorts 동영상 재생			
_D7U4w8JPbU	[SHORT] Stage 249-30 Boss! Cool Mint Cookie! Cookie Run Crumble! #cookieruncrumble #shorts, 조회수 116회 - Shorts 동영상 재생			
9JxTQJNTMJU	[SHORT] CookieRun Crumble Doesn't Use 5-Cookie Teams - You Field TWELVE At Once, 조회수 7.4천회 - Shorts 동영상 재생			
RATPi9oiTIY	[SHORT] How do they get them so fast #cookierun #cookierunkingdom, 조회수 184만회 - Shorts 동영상 재생			
mUUV1eH4MV8	[SHORT] the strongest cookies!#cookierunkingdom #crk #cookierunkingdomedit #crkedit #cookierun#cookierunedit, 조회수 311만회 - Shorts 동영상 재생			
1i_yaqRFp-Q	2 Teams to Climb Up The Ranks in PVP/Arena on Cookie Run Crumble! The META!	EggZaMonkey EX	1개월 전	조회수 542회
y6U9hmqkIOc	The Only PvE Teams You Need in CookieRun Crumble	GoraxPlays	2주 전	조회수 6,264회
Uqt7oQrsMek	These Teams Make PvP EASY! Quick Fame Farm | CookieRun Crumble	GoraxPlays	1개월 전	조회수 5,106회
yDn_jNUXnd4	Cookie Run Crumble: How To Beat High Level EXP Dungeon. EXP Dungeon Team Lineup!	EggZaMonkey EX	4일 전	조회수 6,165회
o63uamgOeJI	NEW GingerCraven & HARD Boss Team! INSANELY TANKY SETUP! [Cookie Run Crumble]	Samool	3주 전	조회수 19,352회
SszHKJ9K6M8	Healing Meta Is GONE?! New PvP Teams & Pinot Noir! | CookieRun Crumble	GoraxPlays	4주 전	조회수 12,439회
TEeydV3xtaQ	Cookie Run: Crumble - The BEST 12 COOKIES Everyone is Using!!!	iPICKmyBUTT	1개월 전	조회수 19,636회
BHrCgofbg3k	This Team Is INSANE For Pushing Stages!! [Cookie Run Crumble]	Samool	1개월 전	조회수 30,437회
okX9nNToYCg	Cherry Cola Sugar Runes Build & Team Lineup! Rapid Fire + Duration Synergy Build! Cookie Run Crumble	EggZaMonkey EX	2주 전	조회수 2,209회
yQBxeTU5eRE	[SHORT] Part 2 #cookierunkingdom #crk #cookierun #crkedit #tips #viralvideo #foryou #fyp #crkingdom #edit, 조회수 9.4천회 - Shorts 동영상 재생			
DQirSBdQ89M	[SHORT] #Shorts Stage 215-20 Magma Sugar Waffle Lizard Boss Fight CookieRun: Crumble 🎮, 조회수 208회 - Shorts 동영상 재생			
2SRCD4x0p6s	NEW SSR?! Princess Bari... Completely New! [Cookie Run Crumble]	Samool	7일 전	조회수 14,862회
vDkMSCLDfzY	[SHORT] #Shorts New TSSR Princess Bari Cookie Animation - CookieRun: Crumble 🎮, 조회수 949회 - Shorts 동영상 재생			
r6AOROrRngo	[SHORT] Getting that First Princess Bari Pull in Cookie Run: Crumble | #vinsonte on #Twitch, 조회수 819회 - Shorts 동영상 재생			
Xs2Oc34ZW1s	[SHORT] NEW TSSR Princess Bari Cookie Attack Animations! Cookie Run Crumble! #cookieruncrumble #shorts, 조회수 642회 - Shorts 동영상 재생			
60QOrvuHbNw	[SHORT] [Cookie Run Crumble] NEW TSSR Princess Bari Cookie, 조회수 336회 - Shorts 동영상 재생			
KX_z17MkHv4	[SHORT] #Shorts Princess Bari Cookie - Darn game crash ruined my Summon video 😤😭 CookieRun: Crumble 🎮, 조회수 211회 - Shorts 동영상 재생			
WxDBGHM4D9A	Cookie Run Crumble: NEW TSSR Princess Bari Impressions! Really Fun Character Design! 	EggZaMonkey EX	3일 전	조회수 1,450회
auzCZ1IO8aM	[SHORT] Getting Princess Bari First Over Moon Rabbit Cookie in Cookie Run: Crumble | #vinsonte on #Twitch, 조회수 91회 - Shorts 동영상 재생			
bD-fgMtqy-g	[SHORT] One & Done! NEW TSSR Princess Bari Summon! Cookie Run Crumble! #shorts #cookieruncrumble, 조회수 459회 - Shorts 동영상 재생			
wwuvh_G0Fcw	[SHORT] Princess Bari Cookie and Moon Rabbit Cookie join Crumble #cookierun #cookieruncrumble, 조회수 69회 - Shorts 동영상 재생			
rze_krgnu2I	IMMORTALITY TEAM REBORN! Best Rajapendra Cookie Build & Strongest Arena Team | Cookie Run Kingdom	Chateaw	4일 전	조회수 44,081회
-FXDwRqJiHw	New TSSR Cookie! Welcome Princess Bari Cookie & Moon Rabbit Cookie To Cookie Run Crumble	Chateaw	6일 전	조회수 2,695회
lSiX9I8GDl4	The PRINCESS BARI COOKIE Update is FINE! | CookieRun: Crumble	TrulyFluffy	3일 전	조회수 987회
Xh2MvF9KtJw	TWO NEW BANNERS!! But ANOTHER Charge TSSR?! [Cookie Run Crumble]	Samool	6일 전	조회수 12,146회
-Q74SSHihAo	🍪Gingerbread Man Idle Wars｜The Era of Idle Grass-Mowing Has Arrived🔥TSSR Princess Bari Cookie👑(Ne...	PonPonLin蹦蹦林	2일 전	조회수 13,765회
wbHlzZ7Q4DM	Cookie Run Crumble: NEW TSSR Princess Bari & SSR Moon Rabbit Cookie Synergy Predictions!	EggZaMonkey EX	5일 전	조회수 845회
cZmq_ETXKfs	THIS Arena META might be MORE F2P than you think… 🔥🙏	YummyCookieEater	3일 전	조회수 15,398회
EW6DgdBiIoo	[SHORT] 熱鬧開戰競技場介紹ㅣ薑餅人放置大戰爭 - 餅乾養成RPG, 조회수 1천회 - Shorts 동영상 재생			
EpLNr2VZw1A	[SHORT] 中秋柿子月兔餅乾介紹ㅣ薑餅人放置大戰爭 - 餅乾養成RPG, 조회수 1.3천회 - Shorts 동영상 재생			
fTjakqAGtgo	[SHORT] 🍪薑餅人放置大戰爭｜蠍子餅乾🦂疊層這麼厲害!?🤔懦弱餅乾BOSS 32-30 通關教學✨走位技巧實錄🔥多磨幾次也能過關💸打王攻略 | #CookieRunCrumble, 조회수 2.2만회 - Shorts 동영상 재생			
GOIE5YmhRAo	[SHORT] 海妖精餅乾 Feel My Rhythm #遊戲 #可愛 #餅乾 #cookies #cookierunkingdom #redvelvet #feelmyrhythm #kpop, 조회수 5.3천회 - Shorts 동영상 재생			
ZyQ0Zgs2vgc	[SHORT] 🍪薑餅人放置大戰爭｜蠍子餅乾🦂疊層是打Boss剋星!?🤔再戰清涼薄荷餅乾BOSS 34-30 通關教學✨走位技巧實錄🔥多磨幾次就能過關💸打王攻略 | #CookieRunCrumble, 조회수 2.3만회 - Shorts 동영상 재생			
CHzBkHt8zO0	🍪薑餅人放置大戰爭｜次元彼端🌌通關328-30的世界是長這樣😱!?全新放置素材次元之力登場！來看大佬號機體📉缽里公主餅乾版本✨Dimensional Rift🔥 | #CookieRunCrumble	PonPonLin蹦蹦林	10시간 전	조회수 5,632회
lBL976Nu3wo	[SHORT] 下雪了❄️ #薑餅人王國 #cookierunkingdom #cookies #遊戲 #可愛 #餅乾 #下雪, 조회수 2천회 - Shorts 동영상 재생			
VovvjHmA37I	[SHORT] 勇敢的跳恰恰 #cookies #cookierun #cookierunkingdom #遊戲 #餅乾 #可愛 #台語 #跳舞 #恰恰 #公園, 조회수 5.6천회 - Shorts 동영상 재생			
Oms1qOMQCmA	[SHORT] 哪裡來的可愛小仙子？ #薑餅人王國 #cookies #cookierunkingdom #遊戲 #餅乾 #可愛, 조회수 1.8천회 - Shorts 동영상 재생			
4pC3XqXHDrQ	[SHORT] 🍪薑餅人放置大戰爭｜關卡50-30放棄走位打法更新🤣清涼薄荷餅乾🍃用蠍子餅乾🦂搭配多重+延長綜效 BOSS 50-30 通關教學✨啦啦隊餅乾🔥打王攻略 | #CookieRunCrumble, 조회수 6.7천회 - Shorts 동영상 재생			
q1k5uVFhnHw	[SHORT] 【薑餅人王國】聖莓果餅乾 CV.魏晶琦 #薑餅人王國 #遊戲 #可愛 #cookies #cookierunkingdom #配音 #配音員 #餅乾 #聲優, 조회수 6.1천회 - Shorts 동영상 재생			
8IpMNSxeHFI	[SHORT] 【薑餅人王國】甘草餅乾 #薑餅人王國 #聲優 #遊戲 #可愛 #配音 #餅乾 #cookies #cookierun #kingdom #cookierunkingdom, 조회수 5.2천회 - Shorts 동영상 재생			
M7pQUJYT-5o	[SHORT] 🍪薑餅人放置大戰爭｜關卡42-30放棄走位打法🤣清涼薄荷餅乾🍃用蠍子餅乾🦂搭配多重+延長綜效 BOSS 42-30 通關教學✨原地通關🔥多打幾次拚過關💸打王攻略 | #CookieRunCrumble, 조회수 8.5천회 - Shorts 동영상 재생			
H94J4i2aC9k	[SHORT] 【薑餅人王國】氣泡飲餅乾來電鈴聲 #聲優 #薑餅人王國 #餅乾 #配音 #遊戲 #可愛, 조회수 3.5천회 - Shorts 동영상 재생			
6qhk75Xk-dE	[SHORT] 【薑餅人王國】紅絲絨蛋糕餅乾鬧鐘 #薑餅人王國 #聲優 #遊戲 #可愛 #配音 #餅乾 #cookies #kingdom, 조회수 5천회 - Shorts 동영상 재생			
or34I0uAw7M	[SHORT] 🍪薑餅人放置大戰爭｜放置遊戲居然要走位🤔清涼薄荷餅乾BOSS通關教學✨!?10-30、25-30、30-30微操躲龍捲風技巧公開🔥手殘黨也能輕鬆過關💸打王攻略 | #CookieRunCrumble, 조회수 2만회 - Shorts 동영상 재생			
9RdryV-cLrw	[SHORT] 【跑跑薑餅人】運動健將山櫻桃餅乾 #運動 #餅乾 #跑跑薑餅人 #薑餅人#體育 #排球 #夢想#可愛, 조회수 5.5천회 - Shorts 동영상 재생			
Hcth-Nsc9P4	[SHORT] 🍪薑餅人放置大戰爭｜關卡46-30放棄走位打法更新🤣清涼薄荷餅乾🍃用蠍子餅乾🦂搭配多重+延長綜效 BOSS 46-30 通關教學✨無名蛋糕犬🔥打王攻略 | #CookieRunCrumble, 조회수 5.9천회 - Shorts 동영상 재생			
f4s28RVSsNg	[SHORT] Cookie Run Crumble guide deck Stage 46-30 Cooling Mint boss, power 7.76M, 조회수 3.4천회 - Shorts 동영상 재생			
WJoGygmAGCc	[SHORT] 🍪薑餅人放置大戰爭｜關卡54-30放棄走位打法更新🤣清涼薄荷餅乾🍃用蠍子餅乾🦂搭配多重+延長綜效 BOSS 54-30 通關教學✨醫生牛奶餅乾🔥打王攻略 | #CookieRunCrumble, 조회수 5천회 - Shorts 동영상 재생			
KwVLkVvNNkw	[SHORT] 【CRC】跑跑薑餅人經典版 區域六Plum Blossom Palace 汽水餅乾&軟綿蛋兔 懶人刷寶箱跑法示範+Q&A | #跑跑薑餅人經典版 #cookierunclassic, 조회수 3.9천회 - Shorts 동영상 재생			
lZdgEkLu1Do	🍪薑餅人放置大戰爭｜⚔️9/24中秋節改版內容Day2🌕來玩熱鬧開戰競技場！新增TSSR鉢里公主餅乾+SSR月兔餅乾🐰主線關卡難度終於大調整✨  | CookieRun: Crumble	PonPonLin蹦蹦林	스트리밍 시간: 3일 전	조회수 7,390회
hvkq2ihQ93U	🍪薑餅人放置大戰爭｜公會戰更新拚出434G傷害😱!?牛奶&起司Buff機制說明📉缽里公主餅乾版本✨Guild Conquest Stuffed Pinata🔥 | #CookieRunCrumble	PonPonLin蹦蹦林	2일 전	조회수 7,632회
vxAIFbX8q6Q	🍪薑餅人王國｜必滅的蜈蚣王餅乾🔥(次元烈焰香料餅乾)⏳吞噬時代的烈焰來啦😱競技場PVP初步分析 | Cookie Run: Kingdom Rajapendra Cookie	PonPonLin蹦蹦林	3일 전	조회수 10,073회
Ytgcsj9HY6s	薑餅人王國 | 競技場PVP 櫻花餅乾娛樂隊登場🌸可愛也是一種實力🍪(如有翻車請自行負責😊) - PonPonLin蹦蹦林 | Cookie Run: Kingdom	PonPonLin蹦蹦林	4년 전	조회수 5,196회
0XOFQpb6qcY	Cherry Cola Damage was INSANE! Cherry Cola Cookie Arena Testing & Showcase | Cookie Run Crumble	Chateaw	2주 전	조회수 3,644회
8v2BtXuB4Jw	🍪薑餅人放置大戰爭｜🔥熱門餅乾到底怎麼挑？競技場與全副本陣容出爐⚔️第16天推到117關！裝備詞條配置大公開💸 | #CookieRunCrumble	PonPonLin蹦蹦林	1개월 전	조회수 29,950회
UBEBeBXOgHQ	薑餅人王國 | 拿鐵餅乾☕競技場配置說明! 冷卻配料放前排~也太時尚了😎 - PonPonLin蹦蹦林 | Cookie Run: Kingdom	PonPonLin蹦蹦林	5년 전	조회수 19,506회
sZ5m-JyQ4e8	🌌薑餅人放置大戰爭│競技場神角14連勝！單局120萬傷害銀河餅乾☄️陣容參考│쿠키런: 크럼블│CookieRun: Crumble	七仔DuY93	1개월 전	조회수 738회
s2uRc1CFIEc	[SHORT] 254-2  複数の忍者, 조회수 232회 - Shorts 동영상 재생			
3Hw-TU2mRWg	[SHORT] CherryCola and Ion Combo | CookieRun Crumble #cookierun #cookieruncrumble, 조회수 1.7천회 - Shorts 동영상 재생			
PSFltxvnV-8	[SHORT] 			
2W7Vd8liF4o	[SHORT] 【CRK】不意にぶち込んできますねDEVSISTERSさん😭 #shorts #クッキーランキングダム # #crk, 조회수 5만회 - Shorts 동영상 재생			
vmJTmHzzbqQ	[SHORT] BEASTクッキー同士で旅行に行くと…🏝️, 조회수 5만회 - Shorts 동영상 재생			
lujA8ZjetSk	[SHORT] クッキーランの攻略情報の少なさに悩んでいる方へ, 조회수 2.5만회 - Shorts 동영상 재생			
BrTKSsTBZL8	[SHORT] “You Again!” Stage 35-30 GingerCraven Boss! Cookie Run Crumble! #shorts #cookieruncrumble, 조회수 3.6천회 - Shorts 동영상 재생			
SkNXqpRHQ2A	[SHORT] オーブン放浪者クッキー紹介動画ㅣ[クッキーラン：クランブル]放置系クッキーRPG, 조회수 2.3만회 - Shorts 동영상 재생			
bz_K9LMsR-Y	[SHORT] 211-20  車ネズミ, 조회수 380회 - Shorts 동영상 재생			
sQnS33sq4yU	[SHORT] 柿餅大好き月ウサギ味クッキー紹介動画ㅣ[クッキーラン：クランブル]放置系クッキーRPG, 조회수 2.4만회 - Shorts 동영상 재생			
npBrtMSYhgs	[SHORT] 250-30  クールミント味クッキー, 조회수 230회 - Shorts 동영상 재생			
lspD8JYzLCE	[SHORT] クッキートーク#1, 조회수 3.2만회 - Shorts 동영상 재생			
_udhH2WKbn8	[SHORT] クッキーランで可愛すぎるクッキー。ゲーム名は「 #クッキーランオーブンスマッシュ 」です！#オーブンスマッシュチャレンジ #ルーキークリエイター　#ブロスタ  #クッキーラン, 조회수 2.3천회 - Shorts 동영상 재생			
_Obg6X058FM	[SHORT] クールミント味クッキー紹介動画ㅣ[クッキーラン：クランブル]放置系クッキーRPG, 조회수 2.4만회 - Shorts 동영상 재생			
PH61RqL12Lg	[SHORT] 【クッキーラン】新クッキー＆スキン大量実装！キングダムロードマップまとめ：ゲームプレイ編, 조회수 1.5만회 - Shorts 동영상 재생			
hx9eXoN-7-w	【放置ゲー】クッキーラン：クランブルのシステムを紹介してみる【解説】 #クッキーランクランブル #CookieRunCrumble	GALAXY KURAUDO	1개월 전	조회수 666회
g-ZWZKIKh_0	【放置ゲー】クッキーラン：クランブル　シナジーを活用！編成のコツ【解説】 #クッキーランクランブル #CookieRunCrumble	GALAXY KURAUDO	1개월 전	조회수 2,919회
ZgvBvuyhpOk	クールミント味クッキー星５目指してガチャ【クッキーラン：クランブル】	あべのクッキー	1개월 전	조회수 311회
yhFC6eOn2Hg	[쿠키런 오븐브레이크] 챔피언스리그 아레나1 5.35억 쿠크시 시즌7 cookie run ovenbreak champions league arena1	앞서간다	3일 전	조회수 5,536회
VnmsRlwjQ64	クッキーランクランブル   デイリーダンジョン編成考察	けふぁ	8일 전	조회수 459회
Kbdc_rprJZc	クッキーラン：クランブル リリース！	あべのクッキー	1개월 전	조회수 318회
mW5ZQMryLnQ	【放置ゲー】クッキーラン：クランブル　これで強くなる！全強化要素の紹介！【解説】 #クッキーランクランブル #CookieRunCrumble	GALAXY KURAUDO	2주 전	조회수 1,637회
QbGIHKbOchE	【放置ゲー】クッキーラン：クランブル　FAQ　視聴者からの質問【解説】 #クッキーランクランブル #CookieRunCrumble	GALAXY KURAUDO	2주 전	조회수 437회
XVLBjiOjGYM	🔴クッキーラン：クランブル - 放置系RPG Gameplay Walkthrough (Android / iOS)  2026.07.30	Play New Mobile Games【無料スマホゲーム】	1개월 전	조회수 273회
X5bt7ve8np8	Champions League: (Kukusi) 쿠쿠시 Season 7 / Arena 1 L+ Rank / Cookie Run Ovenbreak: CROB	Martuki	19시간 전	조회수 434회
kjIChGi04mA	【放置ゲー】クッキーラン：クランブル　ガチャの仕組み＆チェリーコーラ180連【解説】 #クッキーランクランブル #CookieRunCrumble	GALAXY KURAUDO	5일 전	조회수 203회
H3o4xBU3Uxo	【クッキーランクランブル】キープ？切る？シリーズ新作ゲームを初心者クエスト初日全クリア後レビュー！	ねまるGAMEチャンネル	1개월 전	조회수 5,722회
NP5nfsBYpQ4	【放置ゲー】懐かしいアイツ！クッキーラン：クランブル面白い！よく出来てる！【実況】 #クッキーランクランブル #CookieRunCrumble	GALAXY KURAUDO	1개월 전	조회수 310회
vUMjPb_ucOU	試行錯誤の連続！アリーナ編成！！	けふぁ	2일 전	조회수 104회
