JuDMhwANm1M	[쿠키런크럼블] 아레나 샤르덱 공략	서신우	17시간 전	조회수 8,685회
eErJei-fwUg	쿠키런 크럼블 최신 아레나 조합추천 체리콜라 업뎃 기준	ND러너	3주 전	조회수 44,901회
Up48r9fwOM8	[쿠키런 크럼블] 길드토벌전 3T 416G 고득점 덱 공략 ft.샤르도네맛 쿠키	누리머 Noorimer	1일 전	조회수 13,154회
DCmFEOU2ADY	쿠키런 크럼블 아레나 덱 최신 공략(와레나 돌격덱)	VART	2주 전	조회수 13,351회
SL4gKpw87KA	컨트롤 제로? 샤르도네 돌격덱! 스테이지덱으로 강추 [쿠키런 키우기 / 쿠키런 크럼블]	꽝라멩	1일 전	조회수 6,443회
2Ylz143BgdQ	아레나 점수 무조건 오름! 돌격덱 호밀몰빵덱 추천! [쿠키런 키우기 / 쿠키런 크럼블]	꽝라멩	11일 전	조회수 15,556회
2cmvc6PH4Xg	[쿠키런 크럼블] 서버 2위 유저가 알려주는 9월 아레나 덱 추천 공략	누리머 Noorimer	3주 전	조회수 15,813회
lGxbv7l8QTQ	[쿠키런크럼블] 아레나 최신 시커덱 공략	서신우	10일 전	조회수 17,898회
-8CdjuSa_Ec	[SHORT] 사람들이 크럼블 아레나에서 놓치는 것, 조회수 4.3천회 - Shorts 동영상 재생			
kUfQJkhK2II	[SHORT] 쿠키런 크럼블 아레나 덱 추천, 조회수 5.9천회 - Shorts 동영상 재생			
NQJTTpkiBUE	[SHORT] 쿠키런:크럼블)연타덱 결투장 영상!, 조회수 3.1천회 - Shorts 동영상 재생			
Yt-dZ7p0h1g	[SHORT] 쿠키런 크럼블 아레나 장비 cookierun crumble arena gear #cookieruncrumble #쿠키런크럼블 #crk, 조회수 890회 - Shorts 동영상 재생			
wKmkRMQ2EbM	[SHORT] 배틀 아레나 ⚔️ | 쿠키런: 오븐스매시 모드 소개 영상, 조회수 2.9천회 - Shorts 동영상 재생			
lkvjzy8JgyQ	쿠키런 크럼블 아레나 덱 무과금 최신 공략(와레나 호밀덱)	VART	2주 전	조회수 17,459회
x8pYvjZQ6v8	프리셋 추천옵션 총정리! 아레나 프리셋과 그 외 콘텐츠까지 [쿠키런 키우기 / 쿠키런 크럼블]	꽝라멩	2주 전	조회수 10,698회
amnyT5jxo20	쿠키런 크럼블 역대 최강의 SSR등급 사기쿠키 탄생 "샤르도네" 리뷰	ND러너	1일 전	조회수 28,019회
AX_Rr19Ak7M	[SHORT] [쿠키런크럼블] 아레나에서 힐러끼리 남으면 어떻게 될까?, 조회수 8.9천회 - Shorts 동영상 재생			
FCrUgwQYa2g	[SHORT] 쿠키런 크럼블 차원의 이면 9단계 폭주단 트럭 보스 공략 가이드 전투력 16G 69M 클리어, 조회수 300회 - Shorts 동영상 재생			
wMrJycmsOvA	[SHORT] 라자없는 라자저격덱 극딜사솔덱, 조회수 539회 - Shorts 동영상 재생			
uR4ubWPSHBQ	[SHORT] 쿠키런 크럼블 이야기 #4, 조회수 3만회 - Shorts 동영상 재생			
QsbeeRGxzyk	[SHORT] 프리즘 3개 쉬바나 (결대,치속 정복, 거인) #크리의게임이야기 #아레나모드, 조회수 2.4천회 - Shorts 동영상 재생			
ln5KYq79zc0	[SHORT] [사이퍼즈 #shorts]크럼블링 가이아, 조회수 2.2천회 - Shorts 동영상 재생			
gC_T7xk-2Mc	[SHORT] [사이퍼즈] 강습 크럼블링 가이아, 조회수 693회 - Shorts 동영상 재생			
V5l7NI6R8jM	[SHORT] 너무 사긴데..?, 조회수 22만회 - Shorts 동영상 재생			
UItmApP6BQI	[SHORT] 쿠키런 크럼블 아레나 덱 추천, 조회수 3천회 - Shorts 동영상 재생			
_mH4b8HjqhA	[SHORT] 쿠키런 크럼블 스테이지 325-10 독뿔버섯 무리 보스 공략 가이드 전투력 3G 738M 클리어, 조회수 544회 - Shorts 동영상 재생			
J2YTizFX_Js	[SHORT] [en] Crumb: Find the Best Sugar Runes and Arena Teams #crumb #cookieruncrumble #crk #쿠키런크럼블 #슈가룬, 조회수 230회 - Shorts 동영상 재생			
OSwJq4OYkCo	[SHORT] [사이퍼즈 #shorts]크럼블링 가이아, 조회수 584회 - Shorts 동영상 재생			
AgowZzxcOOI	[SHORT] [en] 쿠키런 크럼블 경험치 던전 EXP dungeon #cookieruncrumble #쿠키런크럼블 #crk, 조회수 307회 - Shorts 동영상 재생			
ghWN8hNr9Jo	[SHORT] 아레나 덱 변경?, 조회수 52만회 - Shorts 동영상 재생			
zAhyIBeUp-c	[SHORT] 쿠키런 크럼블 스테이지 326-10 레드베리 암살자 무리 보스 공략 가이드 전투력 3G 753M 클리어, 조회수 446회 - Shorts 동영상 재생			
Usxnk_88ajM	[SHORT] 쿠키런 크럼블 아레나모드 팁, 조회수 3.1천회 - Shorts 동영상 재생			
O5QF6Jq1M18	[SHORT] [사이퍼즈 #shorts]크럼블링 가이아!, 조회수 535회 - Shorts 동영상 재생			
W04kzNkDVps	[SHORT] 쿠키런 크럼블 신쿠뽑기 #cookieruncrumble #쿠키런크럼블 #crk, 조회수 3.2천회 - Shorts 동영상 재생			
fKHqGHBdO8k	[SHORT] Cookie Run Crumble 47-10 Boss Strategy Guide 쿠키런 크럼블 47-10 보스 공략법, 조회수 1.4천회 - Shorts 동영상 재생			
u2sGW36OnZQ	[SHORT] 쿠키런:크럼블 출시 10일 만에 구글 매출 5위 떡상! 4일 만에 100만 유저 돌파 딜량, 조회수 837회 - Shorts 동영상 재생			
a87nwlTOPZM	쿠키런 크럼블 아레나 조합추천 팁 정보 뭐가 가장 좋을까?? 이거 보고 해보세요	ND러너	1개월 전	조회수 54,304회
HcVx3n0gjpQ	[쿠키런크럼블] 장비 프리셋 사용 방법 공략	서신우	2주 전	조회수 14,010회
8X87OGpHC8Q	쿠키런 키우기 크럼블 PVP & 아레나 이 덱이 진리입니다 바꾸세요 [사키엘TV]	사키엘 TV	1개월 전	조회수 13,167회
d39sxiemOPk	[쿠키런크럼블] 아레나 치즈덱 공략	서신우	3주 전	조회수 15,602회
8k0-Yvtlqx8	[쿠키런크럼블] 고등급 없는 아레나 호밀덱 공략	서신우	13일 전	조회수 12,511회
tZJ5wzhcUA8	쿠키런 크럼블 최신 스테이지 최고 조합 바리공주 기준	ND러너	2주 전	조회수 78,774회
16VsHvi0Arw	[쿠키런 크럼블] 아레나에서 바람궁수 쿠키가 필요할까요?	누리머 Noorimer	1개월 전	조회수 13,601회
DMvAmT9Cfqg	쿠키런 크럼블 체리콜라 "방치덱" 스테이지 "자동 클리어" 최고조합 성능 미쳤습니다 ㄷㄷ	ND러너	4주 전	조회수 85,825회
sMQIOJFz5nY	[쿠키런크럼블] 베테랑 용병단의 아레나 최신 공략	서신우	1개월 전	조회수 16,850회
bOrvrcBiAh8	[SHORT] 쿠키런 크럼블 아레나 덱 추천, 조회수 1.3천회 - Shorts 동영상 재생			
b76vV1DIExc	[SHORT] 유명하다는 쿠키런 캐릭터들?? #추천 #쿠키런 #크럼블 #알고리즘, 조회수 3.5천회 - Shorts 동영상 재생			
Ms-hcrPktOg	[SHORT] 협곡 승률 31% 나도 아레나에서라면?, 조회수 1.8천회 - Shorts 동영상 재생			
rcQ09b6FXag	[SHORT] [쿠키런 크럼블] 드디어 나왔습니다만!, 조회수 2.1천회 - Shorts 동영상 재생			
oO7a7f1N600	[SHORT] 쿠키런 캐릭터 과거와 비교, 조회수 101만회 - Shorts 동영상 재생			
QFOjqQTt1tU	[쿠키런크럼블] 스테이지 자동덱 최신 공략	서신우	2일 전	조회수 21,741회
EwsSUIr8sY8	[SHORT] 요즘 쿠킹덤 아레나 서열, 조회수 32만회 - Shorts 동영상 재생			
XuCUyA422LY	[SHORT] 쿠킹덤 아레나 덱, 조회수 4.5천회 - Shorts 동영상 재생			
Ogl1-ROfoDs	[SHORT] 쿠키런 크럼블 아레나용 허브덱 소개, 조회수 4.6천회 - Shorts 동영상 재생			
04f7du0oAvE	[SHORT] 쿠키런킹덤 10월 쿠키 티어표, 조회수 2.2천회 - Shorts 동영상 재생			
tQ2b6KGISfY	[SHORT] 쿠키런크럼블 아레나 조합 추천 #쿠키런크럼블 #아레나, 조회수 1.8천회 - Shorts 동영상 재생			
qGRX1wqU26g	[SHORT] [쿠킹덤]바람궁수 쿠키의 진짜 등급#진짜등급, 조회수 16만회 - Shorts 동영상 재생			
xV5Ln4mUdiE	[SHORT] 쿠키런 크럼블 현존 쿠키 TOP5, 조회수 5.1만회 - Shorts 동영상 재생			
K37H-vFKaag	[SHORT] 쿠키런: 크럼블이 킹덤으로 온다면? | 쿠키런: 킹덤 [Cookie Run: Kingdom], 조회수 2.5만회 - Shorts 동영상 재생			
YGo5nZ6rI2s	[SHORT] 쿠키런 크럼블 32:30 비겁한 쿠키 저스펙(2.05M)극딜 전갈덱 공유, 조회수 5.2만회 - Shorts 동영상 재생			
WRXpAmniFyM	[SHORT] 니가 왜 거기서 나와, 조회수 49만회 - Shorts 동영상 재생			
CRtqLguX0ek	[SHORT] 쿠키런 킹덤 가장 많이 쓰는 아레나 덱 top 3 (2025년 3월 초), 조회수 13만회 - Shorts 동영상 재생			
yggsZfqVipc	[SHORT] [쿠키런 킹덤]티어표, 조회수 4.9만회 - Shorts 동영상 재생			
CBrleHyz0LA	[SHORT] 쿠키런 신작 최상위 등급 뽑기 연출 ㄷㄷㄷㄷ, 조회수 9.2만회 - Shorts 동영상 재생			
oMJDLRSvVi4	[SHORT] 쿠키런 크럼블 현시점 꼭 키워야하는 쿠키 모음 #쿠키런크럼블 #쿠키 #순위 #쿠키런킹덤 #shorts, 조회수 6.6만회 - Shorts 동영상 재생			
745IQ6IxQ4k	앞라인 녹여버리는 아레나덱 추천! 딸기 연타덱 [쿠키런 키우기 / 쿠키런 크럼블]	꽝라멩	1개월 전	조회수 35,317회
2HHJY5PRwFg	쿠키런 키우키 크럼블 이 덱이 현재 최강덱입니다. 스테이지 & 아레나까지 다 쌉가능! [사키엘TV]	사키엘 TV	2주 전	조회수 12,321회
4B-82pmUooI	[쿠키런 크럼블] 플레이트 장비 가이드: 강화 우선순위 및 옵션 프리셋 총정리	누리머 Noorimer	2주 전	조회수 20,603회
0CUv152HVrA	쿠키런 크럼블 막혀서 조합 찾고 있나요?? 일일던전 최신조합 추천 가이드	ND러너	7일 전	조회수 26,853회
3uwT5p5pEvE	[쿠키런 크럼블] 770 스테까지 가능한 일일던전 덱 최신 공략 ft.샤르도네맛 쿠키	누리머 Noorimer	13시간 전	조회수 4,709회
1v6XVuK49To	쿠키런 크럼블 최신 쿠키별 슈가룬 세팅 가이드 총정리 브라이트시커 업뎃기준	ND러너	1개월 전	조회수 60,932회
_D4EvaRYdJY	[쿠키런크럼블] 와글와글에서 사용하기 좋은 아레나 바리덱 공략	서신우	2주 전	조회수 20,322회
hWeaK2GjK2E	[쿠키런 크럼블] 신규 콘텐츠 와글와글 아레나 출시 예정	누리머 Noorimer	2주 전	조회수 8,010회
34A6OeOj3Bo	[쿠키런크럼블] 마일리지로 와글와글 아레나 티켓 살 수 있는 거 알고 계신가요? (구매 우선 순위 포함)	서신우	2주 전	조회수 6,725회
Dxbq3EFRoMY	쿠키런 크럼블 와글와글 아레나 시즌1 공략	그니	7일 전	조회수 3,093회
QAGroJZotFs	[SHORT] 쿠키런 크럼블 스테이지 327-10 용암 와플 도마뱀 무리 보스 공략 가이드 전투력 3G 969M 클리어, 조회수 247회 - Shorts 동영상 재생			
JJUiiOqaHR0	[SHORT] 쿠키런 크럼블 스테이지 324-19 선인장 거미 보스 공략 가이드 전투력 3G 762M 클리어, 조회수 326회 - Shorts 동영상 재생			
DK6rLdsjrXU	[쿠키런크럼블] 신규 컨텐츠! 스테이지 완화! 프리셋 개선! 강화 개선!	서신우	2주 전	조회수 14,438회
QpXZyROisSA	[SHORT] 와글와글 떼 전투, 바삭바삭한 쾌감 히트! | 쿠키런: 크럼블 | Google Play, 조회수 889만회 - Shorts 동영상 재생			
88-572aZo9g	[SHORT] [쿠키런 크럼블] 스테이지 30-30 클리어, 조회수 2만회 - Shorts 동영상 재생			
IIIUo0yfpbo	[SHORT] 쿠키런 크럼블 스테이지 327-30 용암 슈가 와플 도마뱀 보스 공략 가이드 전투력 3G 985M 클리어, 조회수 331회 - Shorts 동영상 재생			
CJw5Nhf36TU	[SHORT] 크럼블 아레나! 팝콘 vs 팝콘 | 쿠키런: 크럼블 [Cookie Run: Crumble], 조회수 1.1만회 - Shorts 동영상 재생			
sHiLpB-pIkg	[SHORT] 쿠키런 크럼블 스테이지 325-30 오염된 그루터기 정령 보스 공략 가이드 전투력 3G 778M 클리어, 조회수 348회 - Shorts 동영상 재생			
muON1D4DyFU	[SHORT] [쿠키런:크럼블] 크럼블 던전 (황금갓방울) 1위 기록용, 조회수 1만회 - Shorts 동영상 재생			
5OiA2X7roX4	[SHORT] [쿠키런: 크럼블] 크럼블던전 황금갓방울 무한으로 때리기 #쿠키런키우기, 조회수 2.1천회 - Shorts 동영상 재생			
t63kl7VJ3dM	[SHORT] 쿠키런 크럼블 37-20 극딜전갈 클리어덱(3.76M) 결국 전갈이 답이다, 조회수 3.2만회 - Shorts 동영상 재생			
uIVTmbjw9eg	[SHORT] 쿠키런 크럼블 59-10 스테이지 클리어, 조회수 2천회 - Shorts 동영상 재생			
PJEcuBKYR14	[SHORT] 쿠키런 크럼블 스테이지 326-30 쿨링민트맛 쿠키 보스 공략 가이드 전투력 3G 840M 클리어, 조회수 422회 - Shorts 동영상 재생			
MxJ7HUD1jVw	쿠키런 크럼블 경험치 던전 오토 최신 공략(600 스테 이상도 가능)	VART	2주 전	조회수 21,512회
vAL56M7IYD4	[쿠키런: 크럼블] 아레나 시즌3 마감런	옵윤 (OBYun)	1개월 전	조회수 417회
nQmoWQn1TCY	[쿠키런 크럼블] 덱 1개로 전부 끝내는 일일던전 조합 최신 공략 ft. 달토끼맛 쿠키	누리머 Noorimer	2주 전	조회수 34,643회
CQ8kor0hQas	[쿠키런 크럼블] 바리공주맛 쿠키 5성 과연 돈값 할까?	누리머 Noorimer	2주 전	조회수 16,104회
IA8urg1sGFM	[쿠키런 크럼블] 덱 1개로 전부 끝내는 일일던전 조합 공략	누리머 Noorimer	3주 전	조회수 24,940회
_Tv-pqZliTg	쿠키런 크럼블 서버 1위가 계정을 삭제한 이유	영래기	2주 전	조회수 528,789회
1oSgJRNfbM4	[SHORT] 쿠키런 크럼블 87-10 #magmawafflelizard #용암와플도마뱀 #쿠키런크럼블 #cookieruncrumble, 조회수 292회 - Shorts 동영상 재생			
JKZuINuA8Y0	[SHORT] 쿠키런 크럼블 차원의 이면 7단계 쿨링민트맛 쿠키 보스 공략 가이드 전투력 10G 227M 클리어, 조회수 813회 - Shorts 동영상 재생			
OvXkXhF5xx0	[SHORT] 크럼블의 뽑기란!, 조회수 6.3천회 - Shorts 동영상 재생			
yai48L_Jj2M	[SHORT] 크럼블 5,414개 커터 뽑기 #쿠키런, 조회수 1.7천회 - Shorts 동영상 재생			
9Iv1DfuRUC4	[쿠키런 크럼블] 최종 스테이지 클리어! 바리공주맛 쿠키 종결 덱 공략	누리머 Noorimer	4일 전	조회수 12,763회
6x-r9_Iq1X8	[SHORT] [en] cookierun crumble dimensional rift stage 13: Choco Warehound Princess #cookieruncrumble #쿠키런크럼블, 조회수 229회 - Shorts 동영상 재생			
RmarePHOXV0	[SHORT] 쿠키런 크럼블 198-20 #chocowarehoundprincess #망치공주 #쿠키런크럼블 #cookieruncrumble, 조회수 744회 - Shorts 동영상 재생			
b1UUlmQ2tSY	[SHORT] 쿠키런 크럼블 이야기 #3, 조회수 1.7만회 - Shorts 동영상 재생			
4KPNdfiSr1k	[SHORT] 친숙한 쿠키들의 또 다른 모습, 얼터너티브 쿠키! | 쿠키런: 크럼블 | Google Play, 조회수 797만회 - Shorts 동영상 재생			
R8bKEfQoj48	[SHORT] 쿠키런 크럼블 차원의 이면 20단계 비겁한 쿠키 보스 공략 가이드 전투력 49G 308M 클리어, 조회수 323회 - Shorts 동영상 재생			
jtzfyOYSYFc	[SHORT] 쿠키런 크럼블 60-10 스테이지 클리어, 조회수 613회 - Shorts 동영상 재생			
mGRuOggr96Q	[SHORT] 쿠키런 크럼블 스테이지 227-20 폭주단 트럭 보스 공략 가이드 전투력 592M 클리어, 조회수 1.6천회 - Shorts 동영상 재생			
eD3fo7ab_aw	[SHORT] [쿠키런: 크럼블] 골때리는 폭주족 컷! (67-10), 조회수 1.4천회 - Shorts 동영상 재생			
bB82vHq2Tr0	[SHORT] 쿠키런 크럼블 35-20 #roudytruck #폭주단트럭 #쿠키런크럼블 #cookieruncrumble, 조회수 2천회 - Shorts 동영상 재생			
fe6ndzn_I1s	[SHORT] [쿠키런 크럼블] 스테이지 33-20 클리어, 조회수 964회 - Shorts 동영상 재생			
Ruy3C_DRgag	[SHORT] [쿠키런]쿠키런 크럼블 개같은 운영 꼬라지....#쿠키런 #쿠키런오븐브레이크 #shorts #meme #쿠킹덤 #쿠키런킹덤 #쿠모탑 #쿠키런모험의탑 #쿠키런크럼블#쿠럼블, 조회수 7.8천회 - Shorts 동영상 재생			
9AwxuMpKHwk	[SHORT] 쿠키런 크럼블 차원의 이면 6단계 케이크 들개떼 무리 보스 공략 가이드 전투력 10G  227M 클리어, 조회수 549회 - Shorts 동영상 재생			
Gg8TWt6q7Vs	쿠키런 크럼블 샤르도네 업뎃 현존 1티어 사기쿠키 탄생인가??	ND러너	2일 전	조회수 20,284회
EbXFIgSprRU	[쿠키런크럼블] 업데이트 이후 크럼블 (추천 패키지 포함)	서신우	1일 전	조회수 7,466회
p5thGaNAmbA	[쿠키런크럼블] 크럼블 던전 507G 공략	서신우	22시간 전	조회수 3,879회
bECfba14KYA	쿠키런 키우기 크럼블 이번 패치 무과금 갓패치인 이유 [사키엘TV]	사키엘 TV	7시간 전	조회수 791회
6hrfYOlgYu4	[쿠키런 크럼블] 680 스테 이상에서도 가능한 일일던전 덱 최신 공략 ft.바리공주맛 쿠키	누리머 Noorimer	11일 전	조회수 25,944회
l8_d3Nwn3QE	쿠키런 키우기 크럼블 아레나 이 덱으로 날먹하시면 됩니다 [사키엘TV]	사키엘 TV	1개월 전	조회수 13,969회
XqIsKR4mHes	[쿠키런크럼블] 신규 스테이지 출시! 근데 개선은 거의 안 됐습니다..	서신우	3일 전	조회수 8,432회
cbDvaF57nMw	[쿠키런 크럼블] 스테이지 자동 방치덱 추천 ft. 위치베리, 락스타	누리머 Noorimer	13일 전	조회수 15,342회
K9ztCD_n6yg	[SHORT] [쿠키런 크럼블] 스테이지 19-30 클리어, 조회수 3.1천회 - Shorts 동영상 재생			
pCA5F3H6icw	[SHORT] 쿠키런 크럼블 206-30 #coolmintcookie #쿨링민트 #쿠키런크럼블 #cookieruncrumble, 조회수 789회 - Shorts 동영상 재생			
DxFNrw8Tfyc	[SHORT] 쿠키런:크럼블)206-30 쿨민 보스 클리어 영상 투력 390M, 조회수 1.4천회 - Shorts 동영상 재생			
l9q8lPTx8p0	[SHORT] [쿠키런: 크럼블] 크럼블 던전 22.07G (총 전투력 2.17G), 조회수 2.1천회 - Shorts 동영상 재생			
8SWBEm5lQ8E	[SHORT] 쿠키런 크럼블 이야기 #2, 조회수 2.3만회 - Shorts 동영상 재생			
aS1C4ucZFWY	[쿠키런 크럼블] 바리공주맛 쿠키 스테이지 종결 덱 공략	누리머 Noorimer	13일 전	조회수 18,177회
eUAGWU-zgUs	쿠키런 크럼블 TSSR등급 바리공주맛 쿠키 출시 얼마나 강력할까??	ND러너	2주 전	조회수 39,141회
DRpuM-H9QhQ	오븐 방랑자 대부활 "적 3초컷" 바리공주와 함께 쓰면 최고의 사기 조합??	ND러너	2주 전	조회수 25,210회
pEIBJg19HMc	쿠키런 크럼블 바리공주 TSSR등급 업데이트 리뷰	ND러너	스트리밍 시간: 2주 전	조회수 33,108회
N3kgQXQIkEo	[SHORT] 쿠키런 크럼블 차원의 이면 13단계 망치공주 보스 공략 가이드 전투력 26G 987M 클리어, 조회수 396회 - Shorts 동영상 재생			
pQUI0B9444o	[SHORT] 쿠키런 크럼블 스테이지 278-20 망치공주 보스 공략 가이드 전투력 1G 725M 클리어, 조회수 443회 - Shorts 동영상 재생			
oMsJhiHs4yA	[SHORT] 쿠키 커터 5000개 쓰면 TSSR이 몇 개나 나올까? | 쿠키런: 크럼블 [Cookie Run: Crumble], 조회수 4.1만회 - Shorts 동영상 재생			
XiQU0CpmDBI	역대 최강의 사기 크럼블 돌격 쿠키 등장 ㄷㄷ TSSR등급 바리공주맛 쿠키 리뷰	ND러너	2주 전	조회수 40,551회
nwIRtaoDVXg	쿠키런 크럼블 바리공주맛 쿠키 리뷰 오븐 방랑자맛 쿠키가 날개를 달 수 있는 이유	그니	2주 전	조회수 9,155회
oZmB_l0yMU4	바리공주 성능 뭐임?;; 돌격덱 스테이지덱으로 강추! [쿠키런 키우기 / 쿠키런 크럼블]	꽝라멩	2주 전	조회수 10,264회
R0T4IbTw9_E	[SHORT] 쿠키런 크럼블 1일차, 조회수 11만회 - Shorts 동영상 재생			
cs9JWa4C9rk	[SHORT] 쿠키런 크럼블 스테이지 326-18 레드베리 암살자 무리 보스 공략 가이드 저눝력 3G 820M 클리어, 조회수 442회 - Shorts 동영상 재생			
zjIG9lz_vrA	[쿠키런크럼블] 신규 TSSR 바리 공주 출시!	서신우	2주 전	조회수 18,320회
aOBJgOLM7rA	쿠키런 키우기 크럼블 바리공주맛 쿠키보다 달토끼맛 쿠키가 개사기인거 같습니다! [사키엘TV]	사키엘 TV	2주 전	조회수 12,344회
5N9B9-dgCb4	쿠키런 크럼블 바리공주맛 쿠키 5성 찍으려면 얼마 써야할까?	VART	2주 전	조회수 12,835회
LCwYl46en8k	[쿠키런 크럼블] 바리공주맛 쿠키 출시! 오븐방랑자 드디어 쓸 날이 온 건가?	누리머 Noorimer	2주 전	조회수 6,969회
ate8otq_A5w	쿠키런 키우기 크럼블 신규 쿠키 유출! 바리공주맛 쿠키 & 달토끼맛 쿠키 나옵니다 [사키엘TV]	사키엘 TV	2주 전	조회수 1,977회
g12qMiFB7Y8	Arena Meta Is SO FAST? No Healers? Full Aggro? [Cookie Run Crumble]	Samool	1개월 전	조회수 18,417회
eFB-H6aveQ8	New Arena Meta Is CRAZY! Charge Cookies From Worst To BEST?! [Cookie Run Crumble]	Samool	2주 전	조회수 15,135회
edI2waI2FMM	[SHORT] Arcade Arena LOST THE PLOT #cookierunkingdom, 조회수 6.9만회 - Shorts 동영상 재생			
kV7N7Vebic8	[SHORT] Cookie Run Kingdom Core #cookierunkingdom #cookierun #crk #fypシ #memesdaily #memes #fyp #foryou, 조회수 4.9만회 - Shorts 동영상 재생			
TEi3YSTsM1c	[SHORT] You Will REGRET Investing in These Cookies Now! | Cookie Run Kingdom, 조회수 67만회 - Shorts 동영상 재생			
xilsyv-X9Kc	[SHORT] CookieRun: Crumble Story - Dark Cherry Cookie's Plan?!, 조회수 1.4만회 - Shorts 동영상 재생			
lQdS4XX0o1I	[SHORT] that's why the old legendary cookies are useless in the arena... #cookierunkingdom #cookierun #crk, 조회수 9만회 - Shorts 동영상 재생			
uatG_TDGYps	Cookie Run Crumble: Season 5 Arena / PVP Team Lineup! Extremely Fun Team! 	EggZaMonkey EX	2주 전	조회수 5,713회
7b8Fg1xGv1A	Cookie Run Crumble: NEW Guild Conquest Team Lineup! 277 BILLION Damage! (7 October Edition!) 	EggZaMonkey EX	1일 전	조회수 3,790회
NbE6h9yiGPU	How To Build Your Arena Teams! Beat STRONGER Opponents Easily! [Cookie Run Crumble]	Samool	2개월 전	조회수 21,021회
yeQuSyV5D70	[SHORT] CookieRun: Crumble -Idle RPG Arena Season 2 Meta #cookierunkingdom, 조회수 633회 - Shorts 동영상 재생			
2wRrNOLqsgI	[SHORT] barely lasted in Arena #cookierunkingdom #cookierun #cookierunovenbreak #fyp #foryou #foryoupage, 조회수 1.3만회 - Shorts 동영상 재생			
NVgn8VfVsH8	[SHORT] Princess Bari Cookie is here!ㅣCookieRun: Crumble – Idle RPG, 조회수 2.9만회 - Shorts 동영상 재생			
opF_SEB9XsQ	[SHORT] Cookie Run: Crumble | New PVP Meta Medic Lineup, 조회수 5.4천회 - Shorts 동영상 재생			
FPVeoVJ0NT4	[SHORT] “Big Meaty Claws!” Stage 37-30 Tainted Ent Boss! Cookie Run Crumble! #shorts #cookieruncrumble, 조회수 1.5천회 - Shorts 동영상 재생			
ZwG0pWZtD9o	[SHORT] Cookie Run Kingdom's new Arena meta is actually insane?! 😭 #crk #crkingdom #cookierunkingdom #shorts, 조회수 18만회 - Shorts 동영상 재생			
rQ5k5q5Lz0I	[SHORT] HOW DID IT GET ADDED TO CRK? #cookierunkingdom, 조회수 13만회 - Shorts 동영상 재생			
f4s28RVSsNg	[SHORT] Cookie Run Crumble guide deck Stage 46-30 Cooling Mint boss, power 7.76M, 조회수 3.5천회 - Shorts 동영상 재생			
n1tEvZFD21M	[SHORT] This CookieRun: Crumble Ad is so good??, 조회수 2.3만회 - Shorts 동영상 재생			
2mP4yY10Bwc	[SHORT] NEW COOKIE RUN KINGDOM CODES 2026 🎁 FREE FATEFUL COOKIE GUTTERS & DIAMONDS! (CRK COUPON CODES), 조회수 4.7천회 - Shorts 동영상 재생			
vpSje0GKLPg	[SHORT] #Shorts Stage 222-30 Cool Mint Cookie Boss Fight CookieRun: Crumble 🎮, 조회수 316회 - Shorts 동영상 재생			
VKheezH61a8	[SHORT] The ArenaㅣCoookieRun: Crumble Idle RPG, 조회수 2.5만회 - Shorts 동영상 재생			
VOc3UfWLDQQ	[SHORT] SECRET TIP for FAST PROGRESSION in Cookie Run Crumble, 조회수 1만회 - Shorts 동영상 재생			
N5TQtJ3ci88	[SHORT] Amazing Treasure Chest Was Not Amazing - Cookie Run: Crumble | #vinsonte on #Twitch, 조회수 2.1천회 - Shorts 동영상 재생			
NjzPO9JmzjE	[SHORT] Burning Spice Writing Got FIXED #cookierunkingdom, 조회수 3.6만회 - Shorts 동영상 재생			
gdsFWE4XevM	[SHORT] CookieRun Crumble Stage 46-20 Choco Werehound Princess #cookieruncrumble #cookierun, 조회수 3.2천회 - Shorts 동영상 재생			
Lx_FQi1m4y8	[SHORT] Cookie Run Movie Revealed #cookierunkingdom #crk #crob #fyp #foryou #viral #cookierunovenbreak, 조회수 1.1만회 - Shorts 동영상 재생			
lliDgBnieVk	[SHORT] Cookie Run: Crumble | Recommendation For PVP Line Up, 조회수 3.3천회 - Shorts 동영상 재생			
bOCz_mnjMQE	Cherry Cola's Damage Is CRAZY? First Impressions & Testing! [Cookie Run Crumble]	Samool	4주 전	조회수 18,293회
MrekoLhoqRQ	UPDATED Teams For ALL CONTENT! What I Use & Alternatives! [Cookie Run Crumble]	Samool	1개월 전	조회수 32,152회
YDFpycrQOJM	Cookie Run Crumble BEST Arena Team Setup	Chateaw	1개월 전	조회수 8,108회
TvGfVjz34rc	This Arena Team is BROKEN in CookieRun: Crumble (Best PvP Team)	F2P Sol	2개월 전	조회수 11,006회
GhLnet6OZmc	스텔라 링크 잠금 방법이 잘못됐습니다 | 쿠키런 크럼블 (90% 성공률)	F2P Sol	2개월 전	조회수 35,725회
skUx_J1TinA	BEST Teams For All Content! Princess Bari & Moon Rabbit Updated [Cookie Run Crumble]	Samool	13일 전	조회수 23,398회
PCrRBH2z_ls	IS HE FINALLY USABLE??? Oven Wanderer 5* Star Showcase  [Cookie Run Crumble]	Samool	1개월 전	조회수 12,484회
PR0nwztnk9A	Cookie Run: Crumble BEST WAY to STELLAR LINK!!!!	iPICKmyBUTT	2개월 전	조회수 11,339회
Eogwiki-i2g	These Stats Are WAY MORE IMPORTANT Than You Think! Which Equipment To Use? [Cookie Run Crumble]	Samool	1개월 전	조회수 12,207회
hVSXVbSIe8o	Princess Bari's Damage Is The HIGHEST IN THE GAME?! INSANE Damage At 0 Stars?! [Cookie Run Crumble]	Samool	2주 전	조회수 12,732회
wcvAfuZHzy0	CookieRun: Crumble OST - Arena	OvenTunes	1개월 전	조회수 395회
SszHKJ9K6M8	Healing Meta Is GONE?! New PvP Teams & Pinot Noir! | CookieRun Crumble	GoraxPlays	1개월 전	조회수 12,478회
aixYavKFd2E	How I Hit 1 MILLION POWER as F2P On DAY TWO!! [Cookie Run Crumble]	Samool	2개월 전	조회수 9,863회
RXmT_Hr-I_0	[SHORT] Beast Yeast finale was underwhelming, ngl..., 조회수 9.1천회 - Shorts 동영상 재생			
R93baYH9Mf8	[SHORT] Rumble ArenaㅣCookieRun: Crumble – Idle RPG, 조회수 1.7만회 - Shorts 동영상 재생			
D8HIbLteelY	[SHORT] A animated CookieRun feature film is officially planned for a global theatrical release in 2029, 조회수 3.8천회 - Shorts 동영상 재생			
4tYT2z1j4e0	NEW COOKIES LOOK INSANE!! Craziest Summon Session?! [Cookie Run Crumble]	Samool	2주 전	조회수 13,675회
kqB71n8HDcc	Moon Rabbit Is The NEW MOST OP SSR COOKIE?! Makes Everyone INVINCIBLE! [Cookie Run Crumble]	Samool	2주 전	조회수 11,950회
5UrAV-4Co7k	[SHORT] CORRUPTED MOONLIGHT IS COMING NEXT #cookierunkingdom, 조회수 3.6만회 - Shorts 동영상 재생			
rY-DXtRdzSM	[SHORT] she doesn't understand #cookierun #oc #spider, 조회수 188회 - Shorts 동영상 재생			
rxc1kxDIu8A	[SHORT] NOOO I CANT 😭 - CRK / #cookierunkingdom #cookierunkingdomfanart #cookierun, 조회수 3.3천회 - Shorts 동영상 재생			
QYYHwAdSDsQ	[SHORT] paint..must PAINT!! everything clean😋 #cookierun #witchescastle #crwc #witchberry #witchberrycookie, 조회수 1.6천회 - Shorts 동영상 재생			
Dr9z1ICa8n0	[SHORT] the concept of me doing it in TOF and not in arena 😭 #cookierunkingdom #cookierun #crk #shorts, 조회수 1.6천회 - Shorts 동영상 재생			
WHprtXc6jCI	[SHORT] THE AWAKENED BEASTS ARE GONNA BE INSANE ✨️ 👀 #crk #cookierunkingdom #fyp, 조회수 1.6천회 - Shorts 동영상 재생			
bzjCE8QWnJc	[SHORT] the crk arena is gonna change so much 💔#cookierunkingdom #cookierun #crk ib: @crk_candyking123 on tt, 조회수 60만회 - Shorts 동영상 재생			
YYGW5OdnQeE	[SHORT] Stage 318-10 Boss! Redberry Assassin! Cookie Run Crumble! #cookieruncrumble #shorts, 조회수 255회 - Shorts 동영상 재생			
MYaDweu2how	[SHORT] Is Cookie Run: Crumble A GOOD Game? #Shorts #CookieRun #CookieRunCrumble #CRC #New #Review #PNGTuber, 조회수 10만회 - Shorts 동영상 재생			
qweo0PvPixs	[SHORT] WE WON OMG #cookierun #crk #crob #devsisters , 조회수 1.5천회 - Shorts 동영상 재생			
E2_lsRgjDBM	[SHORT] SHOULD YOU ACTUALLY TRY COOKIE RUN: CRUMBLE?, 조회수 1.3만회 - Shorts 동영상 재생			
gz0cigrg4Zs	[SHORT] COOKIE RUN KINGDOM STOLE ALL MY MONEY 😭, 조회수 404만회 - Shorts 동영상 재생			
BrgxjxSF_4A	[SHORT] Did Cookie Run Kingdom just fix their entire story?! 🥹 #crk #crkingdom #cookierunkingdom #shorts, 조회수 11만회 - Shorts 동영상 재생			
UpcELhs5-X8	[SHORT] How the TimeBreaker Cookies should’ve beaten Rajapendras Fire #cookierunkingdom #cookierun #crk, 조회수 3.9천회 - Shorts 동영상 재생			
uMN3l0xzK_c	[SHORT] My Top 10 strongest Cookies, upgraded tops. #crk #cookierunkingdom #top10 #viralvideo, 조회수 76만회 - Shorts 동영상 재생			
zhXTfJwXH-k	BEST Princess Bari Counter Team! | Arena & Rumble Arena [Cookie Run Crumble]	chaye	11일 전	조회수 171회
tYB98yHm1hw	Update: TSSR Princess Bari, SSR Moon Rabbit & Rumble Arena - Cookie Run Crumble	Jonooit	2주 전	조회수 184회
NbSkyTH4LPo	Everyone Is Using OVEN WANDERER?! Is He Actually Good..? Or Overrated? [Cookie Run Crumble]	Samool	11일 전	조회수 5,912회
e9bMKOQk-Eg	Cool Mint Cookie is Actually INSANE With This Setup?! [Cookie Run Crumble]	Samool	1개월 전	조회수 8,791회
oaz3NMXllOo	MOST OP COOKIE YET! Chardonnay's Buff Is Insane... And Her Damage Is INSANE?? [Cookie Run Crumble]	Samool	20시간 전	조회수 5,769회
LnbloBdrsig	[SHORT] Cookie Run’s Bears Eat Each Other?!, 조회수 671회 - Shorts 동영상 재생			
9k4P6lpbWuQ	[SHORT] Spent ALL my crystals for Chardonnay Cookie Gacha! New CookieRun Crumble Update!, 조회수 338회 - Shorts 동영상 재생			
KCIjqxCdrSo	[SHORT] 今シーズンのアリーナ最強チームはこれだ！！！【クッキーランキングダム】, 조회수 540회 - Shorts 동영상 재생			
z4BpYNomD9c	[SHORT] ギルド討伐戦紹介動画ㅣ[クッキーラン：クランブル]放置系クッキーRPG, 조회수 2.7만회 - Shorts 동영상 재생			
g-ZWZKIKh_0	【放置ゲー】クッキーラン：クランブル　シナジーを活用！編成のコツ【解説】 #クッキーランクランブル #CookieRunCrumble	GALAXY KURAUDO	1개월 전	조회수 3,353회
84cmuxze-po	[SHORT] 194-30 クールミント味クッキー, 조회수 319회 - Shorts 동영상 재생			
mc7Ct_0Bd1s	[SHORT] “Join Em!” Cookie Run Crumble Arena META Be Crazy! #shorts #cookieruncrumble, 조회수 293회 - Shorts 동영상 재생			
rqIZwjxCzIo	[SHORT] bruh..THIS IS LITERALLY SO TRUEEEEEEE 😭, 조회수 1.2천회 - Shorts 동영상 재생			
lujA8ZjetSk	[SHORT] クッキーランの攻略情報の少なさに悩んでいる方へ, 조회수 2.6만회 - Shorts 동영상 재생			
2AdMX7WNKDw	[SHORT] いちご大福味クッキー🦊 | クッキーラン：オーブンスマッシュ新キャラクターPV #Shorts, 조회수 346회 - Shorts 동영상 재생			
mYOU_BjivQE	[SHORT] Arena Pack Opening (BS12 + Promos) #cookierunbraverse #cookierun #cookieruntcg #tcg, 조회수 13회 - Shorts 동영상 재생			
JoBFV8SciJI	[SHORT] スマホゲーム紹介 その2【クッキーラン：クランブル - 放置系RPG】, 조회수 1.9천회 - Shorts 동영상 재생			
BA1YkhWFFsE	[SHORT] #Shorts Stage 223-10 Megma Waffle Lizard Boss Fight CookieRun: Crumble 🎮, 조회수 105회 - Shorts 동영상 재생			
RgVkm8Eimb0	[SHORT] 243-30 卑怯なクッキー, 조회수 651회 - Shorts 동영상 재생			
SkNXqpRHQ2A	[SHORT] オーブン放浪者クッキー紹介動画ㅣ[クッキーラン：クランブル]放置系クッキーRPG, 조회수 2.3만회 - Shorts 동영상 재생			
cRWIf-koU8E	[SHORT] #Shorts New SSR Chardonnay Cookie be making Daily Dungeon fun again lol 😍 - CookieRun: Crumble 🎮, 조회수 241회 - Shorts 동영상 재생			
_Obg6X058FM	[SHORT] クールミント味クッキー紹介動画ㅣ[クッキーラン：クランブル]放置系クッキーRPG, 조회수 2.5만회 - Shorts 동영상 재생			
jpv-6b_KNls	[SHORT] [クッキーラン：クランブル X 60chicken] クランブル弾けるコラボ！, 조회수 1.6만회 - Shorts 동영상 재생			
f_LJm_f7bEE	[SHORT] 267-30  卑怯なクッキー, 조회수 413회 - Shorts 동영상 재생			
hx9eXoN-7-w	【放置ゲー】クッキーラン：クランブルのシステムを紹介してみる【解説】 #クッキーランクランブル #CookieRunCrumble	GALAXY KURAUDO	1개월 전	조회수 737회
Kbdc_rprJZc	クッキーラン：クランブル リリース！	あべのクッキー	2개월 전	조회수 345회
VnmsRlwjQ64	クッキーランクランブル   デイリーダンジョン編成考察	けふぁ	3주 전	조회수 788회
ZgvBvuyhpOk	クールミント味クッキー星５目指してガチャ【クッキーラン：クランブル】	あべのクッキー	1개월 전	조회수 340회
XVLBjiOjGYM	🔴クッキーラン：クランブル - 放置系RPG Gameplay Walkthrough (Android / iOS)  2026.07.30	Play New Mobile Games【無料スマホゲーム】	2개월 전	조회수 285회
X5bt7ve8np8	Champions League: (Kukusi) 쿠쿠시 Season 7 / Arena 1 L+ Rank / Cookie Run Ovenbreak: CROB	Martuki	13일 전	조회수 1,787회
QbGIHKbOchE	【放置ゲー】クッキーラン：クランブル　FAQ　視聴者からの質問【解説】 #クッキーランクランブル #CookieRunCrumble	GALAXY KURAUDO	4주 전	조회수 546회
H3o4xBU3Uxo	【クッキーランクランブル】キープ？切る？シリーズ新作ゲームを初心者クエスト初日全クリア後レビュー！	ねまるGAMEチャンネル	2개월 전	조회수 6,112회
mW5ZQMryLnQ	【放置ゲー】クッキーラン：クランブル　これで強くなる！全強化要素の紹介！【解説】 #クッキーランクランブル #CookieRunCrumble	GALAXY KURAUDO	1개월 전	조회수 2,029회
kjIChGi04mA	【放置ゲー】クッキーラン：クランブル　ガチャの仕組み＆チェリーコーラ180連【解説】 #クッキーランクランブル #CookieRunCrumble	GALAXY KURAUDO	2주 전	조회수 359회
vUMjPb_ucOU	試行錯誤の連続！アリーナ編成！！	けふぁ	2주 전	조회수 226회
_Bv_KZlpJlw	[SHORT] 199-30 溶岩ボス, 조회수 343회 - Shorts 동영상 재생			
gfCitKMuyN8	[SHORT] ミルキーウェイ味クッキー紹介動画ㅣ[クッキーラン：クランブル]放置系クッキーRPG, 조회수 1.6만회 - Shorts 동영상 재생			
