no	date	views	recs	comments	query	title	author
77139	11:51	조회 135	추천0	8	subject:스테이지,subject:스테	내가 쓰는 스테이지 오토덱	ㅇㅇ
77126	11:33	조회 163	추천0	4	subject:35%	찻집에서 본 35% 덱 괜찮은듯	ㅇㅇ
77116	11:21	조회 56	추천0	2	투력컷	투력 680m인데 더 올릴방법 없냐	ㅇㅇ
77114	11:16	조회 131	추천0	1	subject:차원	이면은 걍 차원 의힘 존버메타네	ㅇㅇ
77092	10:35	조회 106	추천0	3	subject:스테	지금 285 스테 에 투력 1G 500M인데 투력 우찌올려?	서하하하하
77091	10:28	조회 198	추천0	2	subject:스테	이면 가려면 328 스테 를 뚫어야한다고?	ㅇㅇ
77085	10:10	조회 33	추천0	0	subject:스테	스테 방어구 장비 옵션 선택 질문	ㅇㅇ
77082	10:06	조회 94	추천0	0	subject:스테	스테 덱 질문	ㅇㅇ
77081	10:03	조회 298	추천0	4	subject:스테이지,subject:스테	스테이지 가 막혀야 이거털텐데	inyeon
77080	10:01	조회 129	추천0	3	subject:스테	300 스테 부터 15프로로 가능성있냐 얘들아?	서하하하하
77067	09:09	조회 158	추천0	1	subject:차원	이면 현재 231등으로 진입함 근대 차원 의 이면 10일남앗다는대	ㅇㅇ(182.231)
77064	09:07	조회 127	추천0	1	subject:스테이지,subject:스테	201 스테이지 가 이렇게 힘든거였나;;;	ㅇㅇ
77040	06:37	조회 206	추천0	6	subject:스테	늅늅이 252-3에서 막혔다.. 스테 덱 조언좀해줘라..	ㅇㅇ(114.203)
77029	05:28	조회 421	추천0	5	subject:스테	나 스테 바리덱인데 나중에 막혀서 ㅄ됨?	ㅇㅇ
77023	04:12	조회 377	추천0	7	subject:스테	결국 스테 바리는 쓰는사람만 쓰고	ㅇㅇ
77015	03:23	조회 452	추천0	37	subject:차원	차원 투력 요구량 개미쳤네	갓갓.
77012	03:09	조회 211	추천0	0	subject:차원	약 200번쨰로 차원 왔따	갓갓.
76991	02:06	조회 303	추천0	4	subject:스테이지,subject:스테	친구 600 스테이지 넘던데	ㅇㅇ(211.234)
76988	01:57	조회 172	추천0	4	subject:스테	270지 이상분들 스테 셋 질문점	ㅇㅇ(59.9)
76982	01:44	조회 188	추천0	0	subject:스테이지,subject:스테	스테이지 덱 이렇게 쓰고 있는데	Yaho
76955	00:51	조회 176	추천0	1	subject:스테	쿠린이 스테 덱 밀키 키웠었는데 호밀로 갈아타야하나요?	ㅇㅇ(121.154)
76951	00:42	조회 103	추천0	0	subject:스테이지,subject:스테	스테이지 깨달음을 얻는중	러유
76928	00:02	조회 164	추천0	1	subject:스테	스테 달토끼는 보험용임?	ㅇㅇ(220.81)
76927	09.27	조회 150	추천1	0	subject:스테이지,subject:스테	달토끼 오너들아 스테이지 조합 맛만봐바	ㅇㅇ
76912	09.27	조회 72	추천0	0	subject:스테	스테 밀 때 마카롱 버프 받으려고 비비적 거리는 거 다 이렇게 사는거임?	ㅇㅇ
76862	09.27	조회 101	추천0	1	투력컷	아니 케이크 들개때 도와줘 이면 6단계	ㅇㅇ(182.220)
76859	09.27	조회 1102	추천0	11	subject:35%	내가 쓰는 35% 반 오토덱	그드득
76837	09.27	조회 323	추천0	9	subject:스테	스테 덱 뭐가좋음	백수는영어..
76834	09.27	조회 189	추천0	5	subject:35%	272 35% 비겁이 어째깨냐?	ㅇㅇ
76820	09.27	조회 205	추천0	2	subject:스테	스테 덱 ㅊㅊ좀	BHC
76815	09.27	조회 109	추천0	0	subject:차원	근데 차원 벌써 19단계는 지리네	ㅇㅇ
76805	09.27	조회 205	추천0	6	subject:스테	이거 스테 장비에도 스가섞어야하는거같은데 맞음?	ㅇㅇ
76798	09.27	조회 338	추천0	4	subject:스테	스테 덱에 다크초코 빼니까 더 잘밀리네	ㅇㅇ
76797	09.27	조회 162	추천0	1	subject:35%	312-30 35% 클덱	도토리마스..
76795	09.27	조회 100	추천0	0	subject:스테	170 스테 대부터 보상 안좋다길래 얼마나안좋길래 싶엇다	올리비나
76794	09.27	조회 375	추천0	6	방치덱	걍 위치 락스타가 방치덱 고트임 ㄹㅇ	ㅇㅇ
76792	09.27	조회 90	추천0	1	subject:스테이지,subject:스테	아니 씨발 177부터 잡 스테이지 도 진땀승하는데	ㅇㅇ(61.79)
76789	09.27	조회 135	추천0	1	subject:스테	요줌 치케 스테 나 아레나에서 씀?	개팔
76782	09.27	조회 150	추천0	2	subject:15%	이상하게 빡세서 보니 15% 되있네;	ㅇㅇ(180.68)
76768	09.27	조회 281	추천0	4	subject:35%,subject:스테	중간부 스테 35% 등반자는 허브->락스타 쓰셈	ㅇㅇ
76752	09.27	조회 159	추천0	0	subject:스테	스테 덱 걍 탱빼는게 좋네	ㅇㅇ(180.64)
76743	09.27	조회 85	추천0	0	subject:차원	차원 의 이면 도전패키지 << 살만하냐?	ㅇㅇ
76738	09.27	조회 59	추천0	0	subject:스테이지,subject:스테	스테이지 장비 명집 궁금한점	ㅇㅇ(175.193)
76705	09.27	조회 129	추천0	2	subject:스테이지,subject:스테	스테이지 장비는 프리셋 바꿔주면 바로바로 바뀌는거 맞음??	ㅇㅇ
76703	09.27	조회 75	추천0	2	subject:스테	130 스테 뉴비(?)인데 갈수록 안뽑히는기분임	ㅇㅇ
76697	09.27	조회 118	추천0	0	subject:스테	와 300 스테 가까워지니까 지옥이따로없네	ㅇㅇ
76662	09.27	조회 140	추천0	0	subject:스테	뉴비 스테 빨리 미는 덱 추천좀	시골소녀.
76633	09.27	조회 418	추천0	3	subject:스테	뉴비 스테 덱 이륙 ㄱㄴ?	엉밍잔칭_..
76631	09.27	조회 380	추천0	3	subject:스테이지,subject:스테	스테이지 명중 vs 깡투	ㅇㅇ
76623	09.27	조회 416	추천0	2	subject:스테	호밀< 스테 에서 공3등 놓고 써봐	러유
76614	09.27	조회 172	추천0	2	subject:스테	35퍼 일반 스테 오토로 안밀어지는데 정상임?	ㅇㅇ
76609	09.27	조회 286	추천0	2	subject:스테	슬슬 스테 막힌다	ㅇㅇ
76550	09.27	조회 1370	추천0	6	subject:스테	스테 연쇄덱	티티
76542	09.27	조회 66	추천0	0	권장	일일던전 권장 투력 타노스 해야하면 개추	ㅇㅇ
76531	09.27	조회 78	추천0	0	subject:스테	스테 150 뉴비인데 연타 조합 너프먹었나요	ㅇㅇ(218.50)
76527	09.27	조회 166	추천0	2	subject:차원	차원 뽑기 얼탱	스타리아무
76525	09.27	조회 190	추천0	9	subject:차원	차원 은 권투컷 없나?	나나리
76524	09.27	조회 133	추천0	0	subject:스테이지,방치덱,subject:스테	반죽까는데 추천하는 스테이지 방치덱 있냐...	그드득
76515	09.27	조회 147	추천0	0	subject:스테이지,subject:스테	분명 스테이지 너프 했다는데	마싯는쌀빵
76501	09.27	조회 166	추천0	1	subject:차원	차원 2단계 어케깸? ㅅㅂ	나나리
76491	09.27	조회 178	추천0	2	subject:스테	뉴비 100 스테 왔는데 경험치 모아놓은거 언제써요?	ㅇㅇ
76436	09.27	조회 299	추천1	1	보정	다들 장비 조합 어케쓰고있음??	ㅇㅇ
76412	09.27	조회 102	추천0	3	투력컷	[갤길] 한자리 구인중	ㅇㅇ
76409	09.27	조회 198	추천0	6	subject:스테	일일던전이랑 스테 랑 덱 다른데 경험치 분배를 어케 하지	황금하마
76401	09.27	조회 452	추천0	5	subject:스테	뉴비 스테 덱 이륙해두 댈까	민초도초코..
76398	09.27	조회 136	추천0	2	subject:스테이지,subject:스테	스테이지 클리어 미션 없어진지 꽤 됐나?	ㅇㅇ
76347	09.26	조회 337	추천0	9	subject:스테	35퍼용 스테 덱도 연타씀?	ㅇㅇ
76346	09.26	조회 241	추천0	4	subject:스테	스테 덱 추천해줘ㅠㅠ	ㅇㅇ(114.200)
76323	09.26	조회 96	추천0	0	subject:스테	더이상 스테 가 안 밀려	ㅇㅇ(114.200)
76299	09.26	조회 261	추천0	5	subject:스테	스테 보상 언제맛도리됨 ?	ㅇㅇ(182.215)
76290	09.26	조회 308	추천0	14	subject:35%	328-30 35% 권투가 4g네 ㅅㅂㅋㅋ	ㅇㅇ
76286	09.26	조회 1036	추천0	6	subject:스테	요즘 스테 덱 1티어 뭐임?	ㅇㅇ
76263	09.26	조회 280	추천0	3	subject:35%	35% 단 치케 버렸다	ㅇㅇ(110.11)
76250	09.26	조회 410	추천0	0	보정	코인던전 갑자기 안밀린다 했는데	ㅇㅇ
76238	09.26	조회 339	추천0	11	subject:35%	35% 로 밀거면 명중 챙겨야 됨?	Pusher
76233	09.26	조회 197	추천1	7	subject:스테	100 스테 입갤	Neiman
76229	09.26	조회 138	추천0	1	subject:스테이지,subject:스테	추석에 스테이지 안 밀었더니 10위에서 20위로 밀려남	ㅇㅇ(175.118)
76223	09.26	조회 147	추천0	0	subject:35%	난 35% 건실 프리셋을 하고싶었는데	연어사
76213	09.26	조회 245	추천0	2	subject:스테	스테 바리 위치만잡아주면 다썰어버리내	부츄
76211	09.26	조회 728	추천0	3	투력컷,subject:스테	스테 현메타 뭐야?	류지학
76206	09.26	조회 302	추천0	4	subject:스테	와 이제 스테 덱 렙 올리기도 빡셈;	ㅇㅇ(121.152)
76176	09.26	조회 211	추천0	3	subject:스테	이제 스테 확장은 없노	ㅇㅇ
76161	09.26	조회 363	추천0	7	subject:스테	스테 확장은 꾸준히 했음 좋겠다	ㅇㅇ
76151	09.26	조회 103	추천0	0	subject:스테이지,subject:스테	270 스테이지 쯤 오니까 오토 안되네	ㅇㅇ
76140	09.26	조회 449	추천0	20	subject:스테	애들아 스테 덱 무지성으로 투력만 올릴때	ㅇㅇ
76139	09.26	조회 154	추천0	4	subject:스테	스테 전투력 확높이고싶으면 현질 어떤거 하면 좋음??	비츄
76137	09.26	조회 336	추천0	4	subject:스테이지,subject:스테	와 스테이지 보상 역체감 오지네..	ㅇㅇ(112.156)
76132	09.26	조회 190	추천0	2	subject:차원	차원 의 조각이 뭐임	ㅇㅇ
76119	09.26	조회 302	추천0	5	subject:스테	시커 오방 없는 뉴비 딕질문 스테 , 아레나 등등	monoxide
76065	09.26	조회 4667	추천24	8	투력컷	600깡촌 겜안분 쿠박이 바리 써본 후기 + 개인적인 느낀점(장문)	피노누아웅..
76059	09.26	조회 679	추천0	1	subject:스테	스테 덱 바꾸니까 엄청 빠르네	서나름
76053	09.26	조회 393	추천0	0	subject:스테	갑자기 스테 미는거 ㅈㄴ느려져서 뭔가했더니 15퍼로 밀고있었네 ㅋㅋ	건소이
76051	09.26	조회 440	추천0	3	subject:스테	바리덱 스테 에서 답답해서 못쓰겟다	ㅇㅇ
76050	09.26	조회 251	추천0	1	subject:차원	현재 차원 의 이면 총원 보고바람	ㅇㅇ
76024	09.26	조회 173	추천0	3	투력컷	327 미는 중 장비 왼오 추천좀	ㅇㅇㅇㅇ
75991	09.26	조회 322	추천1	3	subject:차원	차원 의 이면 언제만날수있노..	ㅇㅇ
75975	09.26	조회 2139	추천0	4	subject:스테	스테 덱은 바리+체콜 같이쓸거 아니면 체콜 비추함	연어사
75969	09.26	조회 310	추천0	13	subject:스테	뉴비 스테 보상이 갑자기 줄었어	ㅇㅇ
75967	09.26	조회 141	추천0	2	subject:스테	206 스테 이거 뭐냐 ㅅㅂ	ㅇㅇ(110.15)
75936	09.26	조회 145	추천0	2	subject:스테	이번업뎃에 168 이전 스테 도 너프먹은거였음?	건소이
75888	09.26	조회 300	추천0	5	subject:스테	스테 쉬워지니깐 겜 재미없어짐..	ㅇㅇ
75885	09.26	조회 127	추천0	0	subject:스테	이새끼들은 체콜 바리 출시하면서 스테 에 분탕용 잡몹은 왜 놔두냐	ㅇㅇ(58.122)
75871	09.26	조회 145	추천0	3	subject:15%,subject:스테	스테 15% 뚫긴했는데	ㅇㄹ
75845	09.26	조회 592	추천0	9	subject:스테	딱 브시커 바리 5성 찍어놓으니까 부계 스테 35퍼로 쭉쭉밀리네	건소이
75834	09.26	조회 109	추천0	1	subject:스테이지,subject:스테	스테이지 전투력 몇퍼인지 어케봄?	ㅇㅇ
75821	09.26	조회 222	추천0	2	subject:스테	242 스테 이제 이터널 뽑고 있는데	프루나
75781	09.26	조회 73	추천1	0	보정,subject:35%	일던도 35% 55% 보정 같은거 있냐	ㅇㅇ
75766	09.26	조회 1943	추천5	1	subject:스테	딱히 없는 것 같아서 메모해놓는 스테 /아레나/토벌 장비 옵션 (조언요)	ㅇㅇ
75758	09.25	조회 461	추천0	3	subject:스테이지,subject:스테	용암은 진짜 레전드 스테이지 다	ㅇㅇ
75756	09.25	조회 490	추천0	10	subject:스테	뉴비 스테 덱 회생방안 좀..	서나름
75754	09.25	조회 266	추천0	6	subject:스테	스테 아레나 토벌 장비 따로 맞추는건 언제부터 하면 됨?	개팔
75683	09.25	조회 407	추천0	1	subject:스테	스테 들개는 달토끼 들어오고 딱히 필요없나?	ㅇㅇ
75682	09.25	조회 273	추천0	5	subject:스테	체콜 스테 때 은근 빡치네	ㅇㅇ(210.100)
75678	09.25	조회 3199	추천3	9	subject:스테	내가쓰는 스테 용 완전오토 바리덱	피노누아웅..
75672	09.25	조회 377	추천0	1	subject:스테	바리 35퍼 스테 덱 좋던데?	ㅇㅇ(58.122)
75668	09.25	조회 213	추천0	6	subject:35%,subject:스테	스테 35% 도 예전보다 체감 난이도 쉬워짐?	ㅇㅇ
75661	09.25	조회 317	추천0	8	subject:스테	스테 미는거 55퍼랑 35퍼 어디서 멈춰야함??	피노누아웅..
75659	09.25	조회 94	추천0	1	권장	35프로 컷	ㅇㅇ(14.63)
75656	09.25	조회 259	추천0	0	subject:스테	스테 5사격덱 해보는중	볼고그라드
75655	09.25	조회 709	추천0	6	subject:스테	바리 스테 덱 국룰 나왓음?	ㅇㅇ
75640	09.25	조회 309	추천0	4	subject:차원	293인데 차원 언제갈수있음?	ㅇㅇ
75625	09.25	조회 218	추천0	2	subject:스테	난 스테 에서 3탱 필수로 넣어	ㅇㅇ(219.254)
75622	09.25	조회 345	추천0	3	subject:스테	바리 1성따리인데 스테 에서 좋은데?	ㅇㅇ
75605	09.25	조회 301	추천0	5	보정	뻥투만 먹다가	호날두의쌀..
75601	09.25	조회 901	추천0	15	subject:스테	바리 스테 구리다는거 바없찐들 연막이냐?	캔디빈
75582	09.25	조회 159	추천0	0	subject:스테	이거 덱이쎈거냐 스테 가 좆밥인거냐	ㅇㅇ(121.173)
75574	09.25	조회 83	추천0	0	subject:스테	혹시 스테 에서 바리 체콜덱 쫄몹있는 맵에서 컨트롤이나 꿀팁같은거 알려줄수	썸바디헬프..
75566	09.25	조회 173	추천0	0	subject:차원,투력컷	차원 의 이면 투력컷?	기만.
75548	09.25	조회 131	추천0	0	subject:스테	스테 ㄹㅇ 개많긴 하네	볼고그라드
75540	09.25	조회 2469	추천9	6	subject:스테	갠적으로 이덱이 스테 오토 제일 괜찮은듯	연어사
75535	09.25	조회 113	추천0	0	subject:스테	1주차 뉴비 스테 덱 조언좀요	박현설
75530	09.25	조회 141	추천0	1	보정	이 겜도 확률 보정 있냐 ㅅㅂ	알지마다쳐
75528	09.25	조회 343	추천0	2	subject:스테	바리<< 걍 꼴려서뽑앗는데 스테 도 쓸만함	우우웅12
75507	09.25	조회 170	추천0	5	subject:스테	지금 170 스테 미는데 명중511인데 어케 올림??	비츄
75505	09.25	조회 91	추천0	0	subject:스테	바리 스테 특정 보스 아니면 거품 맞음	볼고그라드
75487	09.25	조회 352	추천0	6	subject:35%,subject:스테	왜인지 몰겠는데 돌격덱으로 35% 스테가 그냥 밀리네	ㅇㅇ(1.234)
75484	09.25	조회 64	추천0	0	subject:스테	지금 스테 너프돼서 35퍼로 잘 밀림?	ㅇㅇ(114.200)
75482	09.25	조회 49	추천0	0	subject:스테	피감치저 스테 용 줄까 아레나토벌용 줄까??	ㅇㅇ(222.110)
75477	09.25	조회 336	추천0	5	subject:차원	아니 차원 의조각?? 저거 어디서얻는거임??	비츄
75475	09.25	조회 155	추천0	2	subject:스테	지금 막 스테 가 몇임?	ㅇㅇ(114.200)
75468	09.25	조회 1225	추천0	5	subject:스테	치케 35퍼 오토? 스테 덱 공유	ㅇㅇ
75445	09.25	조회 232	추천0	3	subject:스테이지,subject:스테	앞으로 스테이지 는 더 안늘어남?	ㅇㅇ(220.65)
75438	09.25	조회 218	추천0	8	subject:스테	이면까지 9 스테 남았는데 12시전에 될까	곰인형
75420	09.25	조회 330	추천0	2	subject:스테	스테 치케는 우유 때문에 쓰는거임?	ㅇㅇ(220.81)
75418	09.25	조회 161	추천0	0	subject:스테	이거 아레나로낄까요 스테 로낄까요	siromaru
75414	09.25	조회 284	추천0	16	투력컷	[도오너엇] 길드원 1명 모집	서릿발
75412	09.25	조회 1041	추천0	7	subject:스테	스테 덱 이거 하나로 끝이네	ㅇㅇ
75408	09.25	조회 448	추천0	3	subject:스테	최신 스테 덱 추천 좀 제발	ㅇㅇ
75393	09.25	조회 432	추천0	2	subject:스테	명중 700대인데 스테 잘 밀리네	ㅇㅇ
75392	09.25	조회 565	추천0	2	subject:스테	내가 미는 스테 덱 공유	ㅇㅇ(49.174)
75391	09.25	조회 200	추천0	0	subject:스테	님들아 와레나 랭커들 다 아레나셋이 아니라 스테 셋쓰는거 같던데 이유기뭐임	ㅇㅇ
75381	09.25	조회 288	추천0	3	subject:스테	스테 35퍼로 밀거면 명중 1200까진 해주는게맞음?	ㅇㅇ
75372	09.25	조회 293	추천0	5	subject:스테	늅 스테 덱 조언 좀..	가누
75365	09.25	조회 284	추천0	2	subject:35%,subject:스테	35% 단 스테밀 때 복지 열정페이+초고속승진 써?	ㅇㅇ
75361	09.25	조회 138	추천0	0	subject:스테	스테 댁 추천좀 거의뉴비임 ㅜ	모래도롱뇽
75353	09.25	조회 831	추천0	2	subject:스테	바리공주 스테 덱 이게 젤 나은거같긴한데	ㅇㅇ
75341	09.25	조회 111	추천0	0	subject:차원	갤평 차원 이 평균인가	ㅌㅇㄹㄹ
75340	09.25	조회 516	추천0	7	subject:스테	스테 덱 어케 수정해야될까	피니셔
75334	09.25	조회 131	추천0	0	subject:스테	바리 쓰는 스테 덱 조합이 뭐임??	ㅇㅇ
75333	09.25	조회 302	추천0	3	subject:스테이지,subject:스테	스테이지 달토 5성 vs 들개 9성	ㅇㅇ(121.129)
75318	09.25	조회 350	추천0	3	보정	75퍼오토인데 전복남	호날두의쌀..
75302	09.25	조회 557	추천0	5	subject:35%,subject:스테	스테 35% 이걸로 미는중인데	ㅇㅇ
75298	09.25	조회 245	추천0	4	subject:스테	장비 이건 스테 에 해야겠죠	ㅇㅇ
75297	09.25	조회 571	추천0	7	subject:35%	35% 오토덱 훈수좀 해줘	그드득
75284	09.25	조회 545	추천0	2	subject:차원	차원 30명이라는게 충격이노	갓갓.
75278	09.25	조회 155	추천0	0	subject:스테	뭐야 아레나셋 스테 에껴도 명중 970이네	ㅇㅇ
75274	09.25	조회 314	추천0	0	subject:스테	패치전 : 240 스테 > 현재 : 270 스테	ㅇㅇ
75270	09.25	조회 289	추천0	9	subject:스테	2일차 개족누비 스테 덱 추천 점	ㅇㅇ
75267	09.25	조회 450	추천0	21	subject:스테이지,subject:35%,subject:스테	35%인데 한번도 안막히고 스테이지 밀수가 있냐???	그드득
75260	09.25	조회 485	추천0	8	subject:스테	스테 덱 바궁이나음 체콜이나음?	illil
75254	09.25	조회 250	추천0	2	subject:스테이지,subject:스테	장비 프리셋 1번은 무조건 스테이지 인가요?	ㅇㅇ(14.34)
75248	09.25	조회 785	추천0	12	subject:차원	현재 차원 의 이면 총원 26명	무과금
75247	09.25	조회 280	추천0	3	subject:스테	본계 막 스테 다깼으니 2주동안 시골이장놀이 해야겠다	건소이
75245	09.25	조회 249	추천0	5	subject:스테이지,subject:스테	이 게임 방치게임 아니야?? ( 스테이지 자동 진행 관련 질문)	ㅇㅇ(211.234)
75242	09.25	조회 472	추천0	4	subject:스테	스테 투력 갑자기 1g찍는애들은 머임?	ㅇㅇ
75241	09.25	조회 1278	추천0	11	subject:차원	차원 의 이면 후기	건소이
75233	09.25	조회 79	추천0	0	subject:스테	스테 집중필요함?	ㅇㅇ
75227	09.25	조회 454	추천0	1	subject:스테	아레나셋으로 스테 돌면 35퍼도 자동으로 돌아가네	장애인이다
75226	09.25	조회 293	추천0	0	subject:스테	285 스테 인데 밀기 더 좋은덱없냐	340
75210	09.25	조회 779	추천0	18	subject:스테	스테 덱 조언좀 해주라	ㅇㅇ
75199	09.25	조회 262	추천0	6	subject:스테	하시발 오늘 301 스테 부터 325까지왔네	건소이
75185	09.25	조회 502	추천0	15	subject:스테	근데 나만 스테 에서 바리 ㅈㄴ 튀냐	ㅇㅇ
75158	09.25	조회 321	추천0	2	subject:스테	스테 미는걸 멈출수가없다...	ㅇㅇ
75151	09.25	조회 796	추천3	10	subject:차원	차원 의 이면 전섭 11등으로 진입	무과금
75129	09.25	조회 103	추천0	0	subject:스테	스테 완화하니까 일던 십새끼가 속썩이네	ㅇㅇ
75122	09.25	조회 199	추천0	2	subject:15%,subject:스테	15% 로 스테 미는 건 진짜 절대 불가능이냐?	ㅇㅇ(122.35)
75120	09.25	조회 400	추천0	1	subject:스테	200+ 스테 이덱 ㄱㅊ?	파닥파닥
75103	09.25	조회 350	추천0	2	subject:차원	차원 의이면 자동보상 왜 더 안좋냐	ㅇㅇ(221.154)
75082	09.24	조회 139	추천0	0	subject:차원	차원 방송보니	킬러
75063	09.24	조회 253	추천0	1	subject:15%	이면가려면 15% 로 비겁이 깨야하네?	ㅇㅇ
75062	09.24	조회 199	추천0	1	subject:스테	2주뒤 패치에서 스테 확장 무조건이어야할 거같은데	ㅇㅇ(220.92)
75059	09.24	조회 243	추천0	2	subject:스테이지,subject:스테	그러면 328이후로는 스테이지 새로 확장해주는건가	ㅇㅇ
75056	09.24	조회 4189	추천15	2	subject:스테이지,subject:스테	뉴비를 위한 공략집 1편 [ 스테이지 편]	NeO
75035	09.24	조회 218	추천0	0	subject:스테	스테 돌때 트위즐 쓴다는 사람들	ㅇㅇ
75028	09.24	조회 268	추천0	1	subject:스테이지,subject:스테	실화냐? 오늘 12시부터 방치했는데 아직도 스테이지 밀고있음	ㅇㅇ
75025	09.24	조회 293	추천0	6	subject:스테	근데 스테 는 투력이 짱 아닌가? 바궁빼면 뻥투력 너무까임	피노누아웅..
75012	09.24	조회 180	추천0	3	subject:스테이지,subject:스테	스테이지 덱 67-5 진행중인데 덱 괜찮은지 질문드립니다	ㅇㅇ
75011	09.24	조회 148	추천0	0	subject:스테	하루만에 40 스테 밀었네	VlM
75010	09.24	조회 322	추천2	5	subject:차원	솔직히 차원 의이면 교환소 물품 꽉꽉 채워야댐	ㅇㅇ
75008	09.24	조회 220	추천0	3	subject:스테	168이후 스테 보상 원래대로 되는구간은 없는건가	ㅇㅇ(112.163)
74975	09.24	조회 230	추천0	2	subject:35%,subject:스테	패치후에 248스테 이후 35% 손컨없이 잘 밀림??	피노누아웅..
74953	09.24	조회 176	추천0	1	subject:스테	스테 장비 집중 투력 왜이리 많이 쳐줘?	ㅇㅇ(116.40)
74949	09.24	조회 679	추천0	1	subject:스테	오토 돌리고 폰낼건데 스테 덱 추천점	Itcog
74946	09.24	조회 454	추천0	10	subject:스테	168 스테 가 뭔데일케유명함	ㅇㅇ(121.173)
74936	09.24	조회 365	추천0	3	subject:스테	스테 는 스가 명중 피감 / 아레나는 치확 치피 스증 ?	ㅇㅇ(211.118)
74935	09.24	조회 146	추천0	2	subject:스테	3 스테 만 더밀면 15퍼다	ㅇㅇ
74934	09.24	조회 277	추천0	1	subject:스테	스테 장비 지금 보니깐 개병신이네	언담
74926	09.24	조회 733	추천0	4	subject:스테	스테 덱 이렇게 밀고있는데, 수정할거 있을까??	가구야공주..
74923	09.24	조회 160	추천0	1	subject:스테이지,subject:스테	216 스테이지 인데 님들 고뽑 어떻게 모음? 보상도 줄어서 고뽑이 안모임	ㅇㅇ(220.72)
74919	09.24	조회 341	추천0	5	subject:스테	이거 스테 덱 안정성 질문좀	ㅇㅇ
74914	09.24	조회 492	추천0	6	subject:스테	아레나 프리셋이 스테 젤 잘밀린다...	ㅇㅇ
74912	09.24	조회 46	추천0	0	subject:스테이지,subject:스테	5 스테이지 더 밀어야 35펀데	ㅇㅇ
74907	09.24	조회 222	추천0	6	subject:스테	스테 가 계속 밀리니까 주사위 굴리기가 좀	ㅇㅇ
74894	09.24	조회 307	추천0	7	subject:스테	스테 55퍼 오토충이었는데 35퍼도 이제 밀만함?	고운한의원
74867	09.24	조회 432	추천0	4	subject:스테	전갈 이년으로 스테 밀다가 막혀서 메소넣었더니	ㅇㅇ
74860	09.24	조회 500	추천0	5	subject:스테	바리 스테 에서 쓴다는 사람 몇성임?	ㅇㅇ(110.11)
74845	09.24	조회 720	추천0	10	subject:스테	바리 스테 쓰는 애들 말이 다 다르노	ㅇㅇ
74842	09.24	조회 84	추천0	0	subject:스테이지,subject:스테	스테이지 딜표좀 쳐만들어라	ㅇㅇ
74841	09.24	조회 265	추천0	2	subject:스테	프리셋은 스테 /아레나 이렇게 두개만 해두면 되나	Blue_
74828	09.24	조회 538	추천0	8	subject:스테	바리 돌격덱을 스테 에서 쓴다고..?	ㅇㅇ
74821	09.24	조회 899	추천0	7	subject:스테	바리는 스테 에서 못쓸수준인데?	ㅇㅇ
74814	09.24	조회 400	추천0	2	subject:스테	스테 바리공주 진짜 좋은거 맞음?	볼고그라드
74800	09.24	조회 1128	추천0	14	subject:스테이지,subject:스테	스테이지 이 덱 편하다	ㅇㅇ
74799	09.24	조회 497	추천0	11	subject:차원	이면의 차원 어떰??	허허;
74781	09.24	조회 228	추천0	1	subject:스테이지,subject:스테	토벌돌리면 스테이지 멈추지?	ㅇㅇ
74779	09.24	조회 560	추천1	2	subject:스테이지,subject:스테	스테이지 는 위치베리 << 걍 이새끼임 ㅋㅋㅋㅋ	ㅇㅇ(222.101)
74761	09.24	조회 211	추천0	1	subject:스테	스테 연타덱 석류빨대 시커가 못받는거 정상임?	ㅇㅇ
74745	09.24	조회 890	추천0	10	subject:스테	이정도면 스테 덱 어떠노	가오수
74743	09.24	조회 247	추천1	0	subject:스테	스테 덱에서 들개 뺄거면	ㅇㅇ
74740	09.24	조회 346	추천0	8	투력컷	ㅆㅂ몰랐는데 일던도 투력컷 있노;;;	ㅇㅇ
74734	09.24	조회 241	추천0	5	subject:스테이지,subject:스테	328 스테이지 가려면 축10은 넘어야겠는데	ㅇㅇ
74726	09.24	조회 215	추천0	2	subject:스테이지	스테이지 왤케 허벌됐냐 애들아	ㅇㅇ(124.51)
74697	09.24	조회 193	추천0	2	subject:스테이지	스테이지 장비 전?후?	vitaminME
74648	09.24	조회 149	추천0	2	subject:스테이지	님들 스테이지 딸크 5성 바궁 1성	ㅇㅇ(1.251)
74622	09.24	조회 83	추천0	0	투력컷	그냥 투력컷 만 낮춘거라 35퍼는 그대로 귀찮네	ㅇㅇ
74577	09.24	조회 114	추천1	0	subject:스테이지	어제 업뎃후로 안쉬고 스테이지 랑 반죽까는데	그드득
74541	09.24	조회 200	추천0	0	subject:스테이지	바리 3성따린데 체콜이랑 다수 스테이지 에서 존나썌내;;	갓갓.
74536	09.24	조회 337	추천0	4	subject:차원	근데 차원 이면 간 사람 있음?	ㅇㅇ
74533	09.24	조회 427	추천0	13	subject:차원	차원 이면 어케가냐	ㅇㅇ(223.39)
74490	09.24	조회 217	추천0	4	subject:차원	이제 슬슬 차원 간 사람들 나올텐데?	러너
74468	09.24	조회 254	추천1	1	subject:차원	아니 내가 유동이라 사진을 못올리는데 차원 의 이면 보상 개떡락하는데	ㅇㅇ(118.235)
74352	09.24	조회 306	추천0	1	권장	스테완화가 권장 투력도 낮아짐?	ㅇㅇ(114.200)
74351	09.24	조회 573	추천1	1	subject:차원,권장	방치형인데 차원 권장 전투력 1T ㅋㅋㅋㅋㅋㅋ	ㅇㅇ(220.73)
74329	09.24	조회 776	추천0	2	subject:차원	차원 의 이면 1단계부터 권투 10G뭐노	ㅇㅇ(220.72)
74091	09.23	조회 183	추천0	1	투력컷	248까지 투력컷 200m정도 내려간듯	ㅇㅇ
74081	09.23	조회 240	추천0	1	subject:스테이지	우리섭 1등도 200 후반대 스테이지 네	ㅇㅇ(121.184)
74069	09.23	조회 540	추천0	2	subject:스테이지	바리 스테이지 에선 어떠냐	ㅇㅇ(121.184)
74025	09.23	조회 351	추천0	4	subject:스테이지	스테이지 완화되어도 턱턱막히는	ㅇㅇ
74007	09.23	조회 84	추천0	0	subject:스테이지	스테이지 할만해지니까 재밌어진다	ㅇㅇ
73978	09.23	조회 587	추천0	7	subject:차원	바리 차원 뽑기 330뽑하고 하나먹었노	물참피
73952	09.23	조회 106	추천0	0	subject:35%	292가면 다시 35% 단되네	ㅇㅇ
73915	09.23	조회 104	추천0	0	subject:스테이지	스테이지 어떤거로 조합이	뉴비(116.45)
73877	09.23	조회 458	추천0	1	subject:차원	차원 의 이면 컨텐츠는 다른 방치겜에도 있던거임	나나미치아..
73804	09.23	조회 313	추천0	0	subject:스테이지	바리공주 스테이지 계속 써보는데 좀 애매하네	ㅇㅇ
73794	09.23	조회 464	추천0	2	subject:차원	애드라 차원 의 이면이 머야..?	...
73788	09.23	조회 114	추천0	0	subject:35%	328-30 35% 도 4g인데 이거 최신화 된거지?	ㅇㅇ(112.133)
73769	09.23	조회 1432	추천0	6	subject:차원	차원 의 이면 << 이건 좆뉴비는 평생 못 하는 컨텐츠임?	ㅇㅇ
73714	09.23	조회 151	추천0	1	권장	권장 투력은 그대로고 난이도만 하향조정 한거임?	ㅇㅇ(1.245)
73686	09.23	조회 395	추천0	3	subject:스테이지	이거 스테이지 얼마나 너프된거임??	허허;
73684	09.23	조회 179	추천0	0	subject:스테이지	스테이지 오토 되니까 ㅈㄴ편하네	ㅇㅇ
73646	09.23	조회 652	추천0	3	권장	이면 100단계 권장 전투력 ㅋㅋ	ㅇㅇ
73636	09.23	조회 2597	추천5	3	권장	변경된 권장 전투력 및 신규 컨텐츠 전투력 반영	alkapa
73624	09.23	조회 75	추천0	0	권장	크럼블허브 업뎃안된거지?	ㅇㅇ(59.9)
73620	09.23	조회 235	추천0	1	subject:스테이지	스테이지 248이후에도 너프된 거임?	ㅇㅇ
73608	09.23	조회 161	추천0	0	subject:스테이지	쿠린이인데 스테이지 / 아레나 덱 추천 가능한 고수 구합니다.	ㅇㅇ(125.247)
73588	09.23	조회 288	추천0	5	subject:차원	차원 의 이면 런칭 패키지 사도되는거임?	스리렌
73548	09.23	조회 140	추천0	1	투력컷	투력컷 바뀐거맞음?	ㅇㅇ
73518	09.23	조회 226	추천0	3	subject:차원	차원 의 이면이 세나키 악몽임?	ㅇㅇ
73482	09.23	조회 980	추천0	2	subject:스테이지	달토끼 스테이지 도 걍 미친놈이네	ㅇㅇ
73456	09.23	조회 131	추천0	1	subject:스테이지	스테이지 깨는데 왜 상자 안주지?	ㅇㅇ(112.158)
73416	09.23	조회 370	추천0	1	subject:스테이지	스테이지 조합 어떻게해야하나요??	ㅇㅇ(113.59)
73352	09.23	조회 327	추천0	0	subject:차원	차원 이면은 보상 뭐임?	ㅇㅇ(180.68)
73349	09.23	조회 501	추천0	1	subject:차원	차원 의이면은 어케감?	ㅇㅇ(1.254)
73275	09.23	조회 181	추천0	0	subject:차원	스페셜 패스 사야하나 차원 입장 못하는디	ㅇㅇ(121.168)
73241	09.23	조회 120	추천0	0	subject:스테이지	스테이지 개쉬워졌네	ㅇㅇ
73236	09.23	조회 628	추천0	1	subject:스테이지	스테이지 너무 개허벌 됐는데	ㅇㅇ
73210	09.23	조회 147	추천0	1	subject:15%,subject:35%	보통 스테가 35% ~ 15% 까지 미니까	ㅇㅇ
73205	09.23	조회 555	추천0	10	subject:스테이지	스테이지 밀 준비나 하셈	초코초코케..
73057	09.23	조회 356	추천0	3	subject:스테이지	신규 스테이지 보상 나온거뭐없냐	피오이하스..
72916	09.23	조회 427	추천0	4	subject:스테이지	얘들아 근데 마카롱은 스테이지 에서 왜 끌고다니는거야?????	ㅇㅇ
72900	09.23	조회 100	추천0	1	subject:스테이지	이제 스테이지 40깨는 뉴비인데요	ㅇㅇ(59.3)
72865	09.23	조회 316	추천0	2	subject:스테이지,권장	내일 스테이지 완화하는거	데비루
72837	09.23	조회 157	추천0	0	subject:스테이지	스테이지 인데 밤궈야하나.. 투력때매..?	ㅇㅇ
72809	09.23	조회 426	추천0	1	subject:스테이지	스테이지 깨려고 코인시간보상 먼저 깠던 사람들만 개손해봤네	ㅇㅇ(110.15)
72781	09.22	조회 166	추천0	1	subject:스테이지	무과금러 187 스테이지 미는 중인데	ㅇㅇ(114.201)
72777	09.22	조회 282	추천1	10	투력컷	[도오너엇] 길드원 2명 모집 (마감)	서릿발
72776	09.22	조회 1540	추천1	0	권장,subject:35%	너프전 248-30 801.5m 35% + 169~248 덱 정리&장비	ㅇㄹ
72774	09.22	조회 249	추천1	3	투력컷	[갤길] 두자리 구인중	ㅇㅇ
72763	09.22	조회 264	추천0	4	subject:스테이지	스테이지 미는 도중에 아레나장비로 바꾸면 바로 안바뀌네?	풀또기
72747	09.22	조회 472	추천0	12	subject:35%	비겁 35% 로 미는 사람들 진짜 대단하네	ㅇㅇ(114.203)
72710	09.22	조회 135	추천0	2	subject:스테이지	ㅈ뉴비 스케이지88-30에서 막혔는ㄷ0, 스테이지 덱 한번만 봐줘ㅜㅠ	가구야공주..
72688	09.22	조회 239	추천0	3	subject:스테이지	스테이지 에서 장비 적용 되는거 맞음?	ㅇㅇ(175.197)
72679	09.22	조회 386	추천0	6	subject:스테이지	뭐야 스테이지 난이도 완화 왜하는건데	ㅇㅇ(180.83)
72636	09.22	조회 439	추천0	9	subject:차원	근데 차원 의 이면이 메인스테 다 뚫어야 열리는거잖아	ㅇㅇ
72569	09.22	조회 397	추천0	4	subject:스테이지	지금보니까 스테이지 골드차이가 ㅈㄴ크구나	ㅇㅇ
72519	09.22	조회 245	추천0	5	subject:스테이지	스테이지 완화가 신규 성장이란 뭔 상관임 ㅋㅋㅋ	ㅇㅇ(1.254)
72517	09.22	조회 98	추천0	1	subject:스테이지	스테이지 확장 있음?	ㅇㅇ
72506	09.22	조회 359	추천0	2	subject:스테이지	낼 스테이지 완화되고 바리 뽑으면 스테 풀오토될듯	ㅇㅇ
72505	09.22	조회 236	추천0	3	subject:스테이지	스테이지 완화 < 사실상 신규성장아님?	언담
72491	09.22	조회 146	추천0	1	투력컷	난이도 완화 암만봐도	형상기억
72481	09.22	조회 210	추천0	7	subject:스테이지	한마디로 메인 스테이지 클리어 보상은 앞으로도 없다는거임?	ㅇㅇ
72425	09.22	조회 182	추천0	3	subject:차원	차원 의 이면도 랭킹 보는거 섭통으로 나오려나	ㅇㅇ
72419	09.22	조회 315	추천1	3	subject:스테이지	스테이지 드디어 올바른 방향으로 가네	ㅇㅇ
72376	09.22	조회 78	추천0	0	subject:스테이지	아 잠만 길탈했는데 스테이지 보다 일던이 더 무섭노	언담
72375	09.22	조회 461	추천0	3	subject:차원	잠깐 스테 328까지 늘어나는 거 다깨야 차원 의 이면 가능하다고?	gramPH
72373	09.22	조회 153	추천0	1	subject:스테이지	지금 스테이지 완화 설명 이거임?	ㅇㅇ(182.231)
72349	09.22	조회 170	추천0	0	subject:스테이지	갑자기 혈 뚫린거마냥 스테이지 뚫고다님 ㄷㄷ	VlM
72328	09.22	조회 344	추천0	4	subject:차원	축 5단들은 차원 의 이면<< 이거 아예 못함?	ㅇㅇ
72312	09.22	조회 439	추천0	4	subject:차원	차원 의 이면<<이거 고래전용 컨텐츠임?	ㅇㅇ
72304	09.22	조회 221	추천0	0	subject:차원	차원 의 이면 = 세나키 악몽이네	ㅇㅇ
72300	09.22	조회 123	추천0	1	subject:스테이지,권장	스테이지 완화라는게 어떤식으로 진행될까	ㅇㅇ
72247	09.22	조회 48	추천0	0	subject:스테이지	스테이지 밀 생각에 너무 신난다!!!	공손한공손..
72235	09.22	조회 293	추천0	2	subject:차원	차원 의 이면 이거 시간지기 떡밥인가보네	ㅇㅇ
72218	09.22	조회 84	추천0	0	subject:스테이지	스테이지 쉬워지고 엔컨 나오는거네	검머짐
72216	09.22	조회 310	추천0	7	subject:스테이지,subject:차원	차원의이면 < 메인 스테이지 모두 클리어시라는데	언담
72214	09.22	조회 303	추천0	6	subject:스테이지	스테이지 완화 없을 줄 알았는데 이게 있네 ㅋㅋㅋㅋ	마라콩
72212	09.22	조회 81	추천0	0	subject:차원	차원 의이면 하고싶엇는데 막스테 가야하구나ㅠㅠㅠ	공손한공손..
72094	09.22	조회 208	추천0	3	보정	한번 55퍼 보정 맛보면	호날두의쌀..
72035	09.22	조회 685	추천0	5	subject:스테이지	스테이지 쭉쭉 밀린다	ㅇㅇ
72024	09.22	조회 222	추천0	2	subject:35%	219-30 348m 35% 비겁이 컷	TTO
71968	09.21	조회 302	추천0	3	subject:스테이지	스테이지 많이 밀면 전투력도 잘 올라감?	ㅇㅇ(175.118)
71934	09.21	조회 101	추천0	1	subject:35%	55%로 밀다가 35% 로 미니까 왜 이렇게 딱딱해	ㅇㅇ(175.118)
71888	09.21	조회 405	추천1	6	subject:15%	우리섭1위 15% 로 미는데 핵임?	ㅇㅇ(220.65)
71865	09.21	조회 189	추천0	3	subject:차원	설마 차원 의 문에서 밀치기 면역+돌격형 이속이 중요해지나	화이트초코..
71862	09.21	조회 227	추천0	2	subject:스테이지	그나마 무한 스테이지 성장컨텐츠있네	ㅇㅇ(58.87)
71827	09.21	조회 3940	추천17	15	투력컷	[갤길] 토벌전 공지ㅇㅇㅇㅇㅇㅇ	ㅇㅇ
71750	09.21	조회 51	추천0	0	subject:15%	248이후로도 몹한마리 나오는건 15% 도 가능은 하네	람짱
71622	09.21	조회 208	추천0	1	subject:스테이지	아직 클뜯러가 유출한 무한 스테이지 ?인가 뭔가는 안나왔지	ㅇㅇ(125.182)
71531	09.21	조회 104	추천0	1	subject:스테이지	스테이지 뭐선택할까요	ㅇㅇ
71512	09.21	조회 338	추천0	9	subject:35%	축6 절반 35% 단 스테 근황	ㅇㅇ
71508	09.21	조회 231	추천0	2	투력컷	걍 투력컷 있어서 게임이 병신인 느낌	ㅇㅇ
71385	09.21	조회 205	추천0	0	subject:35%	283-30 비겁에서 35% 안돼서 강제 졸업	갓갓.
71382	09.21	조회 294	추천0	2	subject:스테이지	애들아 스테이지 석류 빨대관련 질문	프루나
71369	09.21	조회 148	추천0	0	subject:35%	243-30 693.5m 35%	ㅇㄹ
71344	09.21	조회 180	추천0	1	권장	일던 570에서 확장해도 못돌것같은 기분드는데	아르곤
71293	09.20	조회 310	추천0	2	subject:35%	243-10 688.4m 35%	ㅇㄹ
71282	09.20	조회 226	추천0	2	subject:스테이지	무한 스테이지 뱀서류 처럼 나오면 재밌을거 같긴한데?	오방쿠사랑..(110.45)
71137	09.20	조회 299	추천0	3	subject:35%	264-30 비겁 딱 35% 자동으로 깸	람짱
71100	09.20	조회 83	추천0	0	subject:15%	287에서 막혔다.. 15% 는 진짜 몸비틀어도안되네	피오이하스..
71043	09.20	조회 119	추천0	3	subject:스테이지	한무 스테이지 가 임플 말하는거냐 아님 딴거냐	피오이하스..
71037	09.20	조회 152	추천0	2	subject:15%	300챕은 15% 로 등반해야할수준이네	피오이하스..
71015	09.20	조회 409	추천0	1	subject:35%	235-30 비겁이 35% 체콜덱	쥐돌이련
71008	09.20	조회 243	추천0	4	subject:스테이지	도파민 중독됨... 스테이지 밀다가 짜증나면 30뽑함	언담
71005	09.20	조회 104	추천0	1	subject:스테이지,권장	근데 별도 스테이지 더 나오면 괜찮지 않겠나	ㅇㅇ(58.232)
70867	09.20	조회 191	추천0	3	subject:스테이지	후반 스테이지 미는애있냐 케이크들개 꿀팁좀	갓갓.
70865	09.20	조회 258	추천0	5	subject:스테이지	스테이지 그냥 오븐 꽉차면 옵션 안보고 정리하기 누르기로했음	ㅇㅇ
70852	09.20	조회 174	추천0	0	subject:스테이지	개씨발 스테이지 프리셋 이상한거 쓰고있었네 ㅋㅋㅋㅋ	ㅇㅇ
70634	09.19	조회 231	추천0	5	보정,subject:15%	보정 15%로 비겁이 잡은 사례가 있긴 하냐...	ㅇㅇ(122.35)
70618	09.19	조회 135	추천0	0	subject:스테이지	168 스테이지 이후 좀 이상하네	ㅇㅇ(59.11)
70554	09.19	조회 140	추천0	1	subject:스테이지	던전 스테이지 안밀릴때 자동사냥보상 다 털어야 됨?	ㅇㅇ(211.59)
70449	09.19	조회 255	추천0	0	subject:스테이지	스테이지 패스 안사길 잘한듯	리폿
70321	09.19	조회 3908	추천21	26	권장,투력컷	빈집에서 아레나 1위하는게 무슨의미있음?	ㅇㅇ
70308	09.19	조회 8809	추천21	38	권장	168 이후 All In One 단일 덱 및 보스별 스위칭 공유	그드득
70284	09.19	조회 183	추천0	2	subject:스테이지	이게임은 스테이지 중간을 너무 쌔게 만듬	쿠키군단
70282	09.19	조회 125	추천0	1	subject:스테이지	스테이지 몇이 끝인가요? ㅋㅋ	ㅇㅇ(58.72)
70273	09.19	조회 89	추천0	0	subject:스테이지,subject:스테이지덱	스테이지 덱에 바궁이랑 밀키 이제 안쓰나?	vitaminME
70221	09.19	조회 180	추천0	1	subject:스테이지	스테이지 배속없는건 이해해도	ㅇㅇ
70219	09.19	조회 285	추천0	2	subject:스테이지	스테이지 나 토벌에는 치저 무의미 아님??	ㅇㅇ
70204	09.19	조회 537	추천0	2	subject:스테이지	곧 용병단 4렙가는데 스테이지 복지조합 보통 뭐야?	연방을변기..
70191	09.19	조회 180	추천0	3	subject:35%	최대한 35% 템포 따라가보려 했는데	ㅇㅇ
70139	09.19	조회 179	추천0	2	subject:35%	나도 35% 248-30 깼다	ㅇㅇ(220.67)
70081	09.18	조회 212	추천0	1	subject:스테이지	이제 스테이지 하나하나 컨하기 지친다ㅅㅂ	ㅇㅇ
70074	09.18	조회 149	추천0	0	subject:35%	248이후 35% 스테 밀때 이 조합 맞나?	ㅇㅇ(220.73)
70007	09.18	조회 451	추천0	2	투력컷	집중은 모르겠는데 명중은 스캠아님	러유
70003	09.18	조회 249	추천0	20	subject:스테이지	여기 50 스테이지 넘어간 사람들	쿠키군단
69985	09.18	조회 219	추천0	5	subject:35%	35% 잡스테에서 다들 이렇게하지?	ㅇㅇ
69968	09.18	조회 67	추천0	2	subject:스테이지	탑 밀때 스테이지 안밀리지??	ㅇㅇ
69900	09.18	조회 132	추천0	3	subject:스테이지	240 스테이지 대 고난의 행군이네	ㅇㅇ
69866	09.18	조회 73	추천0	0	투력컷	중요한건 이번에도 결국 팀에는 R등급 U등급이 남는다는거임	ㅇㅇ
69858	09.18	조회 248	추천0	4	subject:35%	235-10 35% 쥐새끼 겨우잡았다	데비루
69793	09.18	조회 262	추천0	13	subject:스테이지	스테이지 미는 동기부여가좀 부족하긴하다	소프트유저
69690	09.18	조회 443	추천0	1	subject:스테이지	님덜 스테이지 덱 공유 가능하세요 ??	미션임파서..
69666	09.18	조회 237	추천0	4	subject:스테이지	매 스테이지 보스때마다 덱을바꿔야되냐;	ㅇㅇ(220.83)
69663	09.18	조회 305	추천0	6	subject:스테이지	명중 낮으니까 스테이지 미는속도가 느랴지는구나	쩐흥다오
69391	09.17	조회 308	추천0	2	subject:스테이지	혹시 스테이지 밀 때 덱 추천 해줄 수 있어?	ㅇㅇ(211.187)
69380	09.17	조회 291	추천0	1	subject:스테이지	아레나 장비에서 스테이지 장비로 바꾸니 점수 1G떨어짐..;;	ㅇㅇ(183.98)
69338	09.17	조회 60	추천0	0	subject:35%	뭔놈의 비겁이는 만날 때마다 35% 냐...	ㅇㅇ
69328	09.17	조회 353	추천0	0	subject:35%	227-10 35% 체콜덱	쥐돌이련
69186	09.17	조회 50	추천0	0	subject:스테이지	애들아 스테이지 집중명중 챙겨야 해?	ㅇㅇ
69156	09.17	조회 256	추천0	5	subject:스테이지	스테이지 는 치명저항 무쓸모인가요?	초보늅늅
69115	09.17	조회 330	추천0	2	subject:스테이지	아오 스테이지 겁나 밀렸네	ㅇㅇ
69090	09.17	조회 119	추천0	0	보정	명중 1200까지는 투력 보정 좀 많이해주지	ㅇㅇ
69055	09.17	조회 111	추천0	1	subject:스테이지	238 스테이지 인데 투력이 부족해서 못밀겠노	ㅇㅇ
69020	09.17	조회 277	추천0	2	subject:스테이지	생각보다 스테이지 높다고 치고나가는건 없네	ㅇㅇ
69003	09.17	조회 169	추천0	2	권장	반죽퀘 나만 ㅈ같냐	ㅇㅇ
68989	09.17	조회 194	추천0	2	subject:스테이지	너네 스테이지 패스 5단계 12000원 샀음? 코인 1000시간짜리	ㅇㅇ
68965	09.17	조회 208	추천0	1	subject:스테이지	스테이지 장비는 투력 높은거 자동으로 끼워야겠다	ㅇㅇ
68917	09.17	조회 228	추천0	2	subject:스테이지	스테이지 에서도 스킬가속은 중요함..	ㅇㅇ
68911	09.17	조회 983	추천0	2	투력컷	내 기준 암살자 가장 잘잡는 조합	러유
68900	09.17	조회 361	추천0	5	subject:스테이지	스테이지 미는덱 하나만 알려줄사람..	ㅇㅇ
68894	09.17	조회 208	추천0	3	보정	픽업캐 10성 달성하면 남는 크리스탈 어디다씀?	ㅇㅇ(125.135)
68878	09.17	조회 339	추천0	2	subject:스테이지	스테이지 명중집중 어느정도로 하면 되는지 딱 정리좀	ㅇㅇ
68826	09.17	조회 327	추천0	8	subject:35%	35% 단은 명집 쓰긴해야겠다	람짱
68777	09.17	조회 219	추천0	2	subject:스테이지	하 이거 스테이지 인데ㅠㅠ 바꿔요?? 결정장애 크리터짐	ㅇㅇ
68764	09.17	조회 622	추천0	13	보정	명집 안 챙기는 애들 궁금한 점	ㅇㅇ
68686	09.16	조회 346	추천0	0	subject:35%	개인적으로 쓰는 35% 비겁이 덱	ㅇㅇ(220.67)
68454	09.16	조회 132	추천0	4	subject:스테이지	님들 하루에 몇 스테이지 밈	ㅇㅇ(175.120)
68413	09.16	조회 563	추천0	3	subject:스테이지,권장	233 진행 중인 스테이지 보스덱 권장 50퍼정도 기준	Emile
68402	09.16	조회 438	추천0	3	subject:스테이지	요즘 스테이지 에 진짜 치케 넣음??	ㅇㅇ(58.78)
68396	09.16	조회 188	추천0	2	subject:35%	치케 마카롱 넣고 35% vs 바궁 방랑자 넣고 55%	ㅇㅇ
68360	09.16	조회 271	추천0	2	보정	우리섭 상위권 틀딱들 나 핵의심하겠노;;	ㅇㅇ
68351	09.16	조회 178	추천0	2	투력컷	서버에 300지역 돌파한애 있음?	ㅇㅇ
68332	09.16	조회 347	추천0	2	subject:스테이지	고 스테이지 치캐 고트아니야?	ㅇㅇ
68329	09.16	조회 240	추천0	4	subject:35%	진짜 35% 로 어캐함	bear2
68327	09.16	조회 510	추천0	2	subject:35%	248-30 비쿠 35% 클덱 1G	도토리마스..
68319	09.16	조회 456	추천0	1	subject:35%	쥐토바이 35% 15초컷	ㅇㅇ
68300	09.16	조회 195	추천0	7	subject:스테이지,subject:스테이지덱	뉴비3일차 스테이지 덱 질문좀요 33부터 잘 안밀려요	ㅇㅇ
68289	09.16	조회 375	추천0	2	subject:스테이지	확실히 용병4렙찍고 방어3마리 복지 끼니까 200대 스테이지 도 할만하네	ㅇㅇ(14.51)
68246	09.16	조회 95	추천0	0	subject:스테이지	스테이지 장비 치명확률 보다 명중 챙겨야되지?	vitaminME
68239	09.16	조회 462	추천0	10	보정	비응신 같은 조합으로 55 맞춰서 비겁이 깸	ㅇㅇ
68237	09.16	조회 136	추천0	0	보정	부캐 혈 뚫리니까	호날두의쌀..
68235	09.16	조회 277	추천0	5	subject:스테이지	근데 스테이지 는 집중이랑 명중 많이올리라고 하는데	ㅇㅇ(220.73)
68234	09.16	조회 735	추천0	14	subject:35%	243-10 35% 바이커 컷!!!	람짱
68224	09.16	조회 230	추천0	2	subject:스테이지	같은 서버 나보다 스테이지 순위 높았던 분 갑자기 순위에서 사라진거면	ㅇㅇ
68160	09.16	조회 609	추천3	2	권장	이게임 제일 이해안되는점	ㅇㅇ
68159	09.16	조회 409	추천0	5	subject:스테이지	스테이지 덱인데 바궁빼고 들개 넣을까	연방을변기..
68148	09.16	조회 2298	추천1	0	권장	패키지 효율 모음 - 패스	서릿발
68145	09.16	조회 1516	추천3	0	권장	패키지 효율 모음 - 특별 상점	서릿발
68138	09.16	조회 1507	추천5	5	권장	패키지 효율 모음 - 고속 성장	서릿발
68134	09.16	조회 109	추천0	0	권장	이대로 73-30 가면 다시 권장 투력 300%이하로 떨어지니 함 보겠음	ghoti
68128	09.16	조회 6774	추천21	20	권장	권장 전투력 과하게 초과하면 이런 이펙트 나오나봐	ghoti
68122	09.16	조회 191	추천0	2	투력컷	대체 35퍼로 게임하는 놈들은 하루에 얼마나 하는거임?	ㅇㅇ
68120	09.16	조회 283	추천0	1	투력컷	일일던전 소탕 언제해보냐 ㅋㅋㅋㅋ	그드득
68116	09.16	조회 3218	추천7	10	권장	패키지 효율 모음 - 강력 추천	서릿발
68060	09.15	조회 294	추천0	2	투력컷	나 길드나가서 치킨새끼들 못잡는데 어캄?	ㅇㅇ
68021	09.15	조회 296	추천0	4	subject:스테이지	고 스테이지 형님들은 모르겠는데	ㅇㅇ(211.229)
68005	09.15	조회 67	추천0	0	subject:스테이지	스테이지 지역 밀때마다 투력 오름?	말랑단
67953	09.15	조회 299	추천0	0	subject:35%	243-30 비쿠 35% 클덱 919M	도토리마스..
67950	09.15	조회 713	추천0	6	subject:스테이지	용병단 4렙 찍었는데 스테이지 밀때 복지 추천좀	ㅇㅇ
67929	09.15	조회 424	추천0	13	권장	장비 추천옵	쓸만한보리
67811	09.15	조회 130	추천0	3	투력컷	생각해보니 플레이트 개선 언제인지안나왔지?	쿠키런크럼..
67772	09.15	조회 1024	추천4	8	보정	뉴비용 비겁이 공략법	호날두의쌀..
67746	09.15	조회 138	추천0	6	subject:스테이지,투력컷	216 스테이지 오니까 투력컷을 못따라가겠네	irritate
67677	09.15	조회 266	추천0	7	subject:스테이지	168 스테이지 부터 보상	ㅇㅇ(59.24)
67673	09.15	조회 280	추천0	8	투력컷	[갤길] 한자리 모집 한자리 모집 한자리 모집	ㅇㅇ
67672	09.15	조회 389	추천0	3	subject:스테이지	전갈덱 체콜덱 번갈아가며 스테이지 미는중	ㅇㅇ
67627	09.15	조회 981	추천2	8	subject:스테이지	역사상 최초 300 스테이지 클리어자 나올 뻔	ㅠㅠ
67527	09.15	조회 175	추천0	2	subject:스테이지	스테이지 몹도 치명타있음?	ㅇㅇ
67526	09.15	조회 330	추천0	4	subject:스테이지	아레나랑 스테이지 장비 세팅 공략 같은거 있냐?	ㅇㅇ
67461	09.15	조회 245	추천0	3	권장	장비 이거 집을까 말까	ㅇㅇ
67452	09.15	조회 153	추천0	4	subject:스테이지	비겁이랑 쿨민 나오는 스테이지 주기 있어요?	ㅇㅇ(14.34)
67442	09.15	조회 345	추천0	3	보정	개 시발새기들	ㅇㅇ
67404	09.15	조회 256	추천0	8	subject:스테이지	근데 귱금한게 장비 스테이지 기준으로 이상황에선	ㅇㅇ
67394	09.15	조회 155	추천0	1	subject:스테이지	스테이지 면 이거 바꾸는게 맞죠?	ㅇㅇ
67339	09.14	조회 147	추천0	0	subject:스테이지	스테이지 왤케 좆박앗나 했더니 길드 나갔구나	ㅇㅇ
67316	09.14	조회 95	추천0	0	subject:스테이지	이상한데 이거 스테이지 오를수록 전투력도 오르냐?	ㅇㅇ(221.151)
67308	09.14	조회 479	추천0	4	subject:스테이지	스테이지 등반덱 추천 좀	서현제
67298	09.14	조회 199	추천0	3	subject:스테이지	스테이지 높으면 보상 더 받는거 체감 됨?	ㅇㅇ(106.242)
67295	09.14	조회 409	추천0	3	subject:스테이지	스테이지 밀기좋은 조합 추천좀	ㅇㅇ
67229	09.14	조회 414	추천0	8	subject:35%	226-30 428m / 227-30 463m 35%	ㅇㄹ
67220	09.14	조회 228	추천0	4	subject:스테이지	스테이지 밀필요있나?	ㅇㅇ(180.227)
67201	09.14	조회 198	추천0	2	subject:스테이지	스테이지 밀때 집중은 어느정도가 적당해?	오로리롱
67178	09.14	조회 177	추천0	0	subject:스테이지	핵쟁이들 스테이지 만 밀어도 존나 이득이네	ㅇㅇ(119.66)
