season	rank	player	guild	score_text	score_G	crumb_player_id
7	1	환상	카페	10T 266G	10266	pdae726f7364f70
7	2	공포	카페	9T 170G	9170	pe343d14b5bb860
7	3	바삭한반장	바삭젤리단	8T 950G	8950	p7941148edb63ef
7	4	노을	카페	8T 934G	8934	p9174b886b9c5f2
7	5	newbiee	카페	8T 875G	8875	p24868eae416969
7	6	리리	방랑자	8T 634G	8634	pf500625a68a1c1
7	7	타미	Carpediem	8T 383G	8383	pcb61ea3ccab342
7	8	날씨의아이	카페	8T 367G	8367	pe773d5ab714ec8
7	9	젱젱	Carpediem	7T 948G	7948	pb6edb5d16895c0
7	10	호카게	월드	7T 803G	7803	p894428c8045279
7	11	Bishop	카페	7T 785G	7785	p8d625e40ac1d8d
7	12	홍백련	품격	7T 388G	7388	p6c0272a7611c4e
7	13	현이	카페	7T 384G	7384	p4054d13f79e2dd
7	14	오즈	Carpediem	7T 303G	7303	p685f6f234658bb
7	15	벼락맞은선인장	카페	7T 049G	7049	p0b63f1edfbdf98
7	16	딘딘	Carpediem	6T 922G	6922	p254abac98a46d9
7	17	영포티	랭커	6T 889G	6889	p7c105669d346d3
7	18	燕之助	薑餅棉花妮妮樂園	6T 883G	6883	p1178132157a6df
7	19	히히서커스	Carpediem	6T 737G	6737	p9d21c23e6aa4a8
7	20	초코	방랑자	6T 606G	6606	pd83f410cd43a68
7	21	리비안	월드	6T 559G	6559	p094259a856f7cf
7	22	바삭한하이	바삭젤리단	6T 490G	6490	p0412d96e2f723a
7	23	빵빵	월드	6T 479G	6479	pde3567cc637fa6
7	24	발뭉	애봉	6T 476G	6476	p980537b9d27fa8
7	25	華夏戶籍防盜部隊	小孩坐一桌	6T 446G	6446	p1fcba070b0aae2
7	26	사악	품격	6T 366G	6366	pe789dd94689fcb
7	27	바삭한말랭	바삭젤리단	6T 265G	6265	p6c183122c2cec0
7	28	Evenil	Eden	6T 194G	6194	pa4f49702d0e7ca
7	29	설화	하늘	6T 179G	6179	p6c8232ba34e520
7	30	똘콩	판도라	6T 170G	6170	pb7697dc1c68161
7	31	여우	담다	6T 164G	6164	p943d1f17b3b344
7	32	대범한꼬마	OVEN	6T 030G	6030	p1cf81e4a5c180a
7	33	꽁룡	월드	5T 924G	5924	p58eae58ad59a30
7	34	힘찬잉어	킹덤	5T 916G	5916	p1eab7cac229632
7	35	인미	마누라	5T 888G	5888	pe88507a23948b6
7	36	고수	월드	5T 885G	5885	pf3a1e67329d0b4
7	37	brph	Eden	5T 868G	5868	pfa3af58389f0c8
7	38	똑똑이아빠	카페	5T 846G	5846	p309b580efd5334
7	39	임대	ROYAL	5T 836G	5836	p0c5c39d88c457f
7	40	초과	미르	5T 640G	5640	pb7db41144d1220
7	41	참이슬	Carpediem	5T 578G	5578	p74310661a71e31
7	42	매직스틱	애봉	5T 553G	5553	pcbc2150f2fbbfe
7	43	한우	애봉	5T 525G	5525	p134449dc24cb17
7	44	희주	스스	5T 490G	5490	pd22bfccc4bc8b9
7	45	여포	Carpediem	5T 453G	5453	p40c9aa1b2de37e
7	46	조봉순	판도라	5T 408G	5408	pc7d06d6b03b127
7	47	찢기	월드	5T 390G	5390	p3f94a6bd2edc3f
7	48	신쿠	Eira	5T 371G	5371	p4533b377a95faa
7	49	료쨩	Carpediem	5T 332G	5332	paebcbf9b1226ce
7	50	바삭한로로	바삭젤리단	5T 328G	5328	p19d3e2e1872918
7	51	댕둥	월드	5T 281G	5281	pa935356e56e98d
7	52	룰루	방랑자	5T 279G	5279	pfc5791856d112e
7	53	세쉐	버프	5T 259G	5259	p57d745bf03f0c5
7	54	시노니	애봉	5T 248G	5248	p6a3493a40f2146
7	55	鴨子	薑餅棉花妮妮樂園	5T 226G	5226	paa279d6d44dfe4
7	56	갸옹	Carpediem	5T 174G	5174	pfa3669424ad4a9
7	57	몽실	월드	5T 157G	5157	p268149b4492abc
7	58	Malicious	방랑자	5T 128G	5128	p2bb9607ac69e35
7	59	Lineve	Eden	5T 127G	5127	pf66c7f789aa7cc
7	60	철수	애봉	5T 112G	5112	p62b01e55ca25c2
7	61	마녀	애봉	5T 105G	5105	p3ece0b13d3f0bd
7	62	やなぎ	카페	5T 100G	5100	pb92cf4bbd31c50
7	63	아니	판도라	5T 096G	5096	pbdbf8156304a00
7	64	전투토끼	월드	5T 065G	5065	pe5b4fc6f9d3c4f
7	65	전설	운명	5T 018G	5018	p9b3d72275d4448
7	66	リポル	방랑자	5T 009G	5009	pd6f9c5f11f5721
7	67	산봄	애봉	4T 943G	4943	p52255cb39c1be8
7	68	준석	애봉	4T 934G	4934	p246d588df37b4f
7	69	다크닉스	Carpediem	4T 910G	4910	p4d93e639426c83
7	70	ᓚᘏᗢ	멍꿀	4T 904G	4904	p1c768b8f80dc24
7	71	찹쌀떡	머저리들	4T 871G	4871	p1bbd32da31da9c
7	72	로슈폴	지코	4T 830G	4830	pf1a68e89dc393a
7	73	폭주젤리	방랑자	4T 829G	4829	pd56da667676a74
7	74	군산	사과별	4T 823G	4823	p3098c6dc03b4db
7	75	리센느	소금노움	4T 820G	4820	pafbc549b70245e
7	76	노움	뽀시래기	4T 783G	4783	pead5b4772860f6
7	77	노움왕자	달무티	4T 757G	4757	p1867a67593d4b8
7	78	鮭魚soz	阿Seng餅乾集團	4T 730G	4730	p7bac1719a13ce6
7	79	하이퀸	품격	4T 697G	4697	pd49417ef0c1d95
7	80	태태ᵔᴥᵔ	스스	4T 692G	4692	p374a85382b2b38
7	81	섬영	판도라	4T 678G	4678	p6b15c5cda31c34
7	82	서풍풍	쿠키득키득	4T 668G	4668	pf001fe1bf67ed1
7	83	묘묘	ROYAL	4T 614G	4614	pe2c96be8b0e547
7	84	제우스	뽀시래기	4T 608G	4608	p206b45c3c7cb4d
7	85	그린데이	이동	4T 604G	4604	pc4df50ce21699a
7	86	싸이키	Eira	4T 599G	4599	p6e58f4387ac3b6
7	87	으머	뿌링	4T 566G	4566	p7c2dff054c6dc0
7	88	엠군	애봉	4T 561G	4561	p15e6cdf4ed2d1a
7	89	뽀식	애봉	4T 545G	4545	pf23d1450314935
7	90	秋嵐	阿Seng餅乾集團	4T 516G	4516	pa9a8f097fd036b
7	91	옥순	회사	4T 511G	4511	pcf5a8e767b8011
7	92	귓밥	코딱지	4T 508G	4508	pd10fe3c91756cb
7	93	시안	애봉	4T 497G	4497	p398d76d52cdccf
7	94	제비	러닝타임	4T 496G	4496	p153eab2f5fc67b
7	95	야채부락리	판도라	4T 478G	4478	p33cd93f45b7280
7	96	마야	Carpediem	4T 465G	4465	pc103c9ba65cfa3
7	97	Bwoom	Lancers	4T 464G	4464	p3dbe61cd432da9
7	98	레몬	월드	4T 456G	4456	pc87fca5ad3102a
7	99	꧁영웅꧂	미르	4T 430G	4430	p2d555c83a67d2d
7	100	백야	애봉	4T 413G	4413	pbaa2c749da7a1f
