# list p=1 (href, badge, title [comments], author, datetime)
https://arca.live/b/harrypottergame	광고	광고 광고 TS말포이에게 점령당한 해리포터 채널		
/b/cookierun/6457546?p=1		Notice 아카라이브 모바일 앱 이용 안내(iOS/Android) *ㅎㅎ 2020.08.18 55207512	*ㅎㅎ	2020-08-18T12:17:31.000Z
/b/cookierun/160520059?p=1		Notice 쿠키런 채널 규정 인기인 2026.01.24 1341	인기인	2026-01-24T14:32:04.000Z
/b/cookierun/185227227?p=1	카카오	진짜 개ㅆ발 [1]	아로묭	2026-10-07T07:50:08.000Z
/b/cookierun/185209884?p=1	코드	복귀유저코드부탁드립니다!	하2후헤호, 211.209	2026-10-07T04:18:46.000Z
/b/cookierun/185201884?p=1	코드	복귀유저 코드 부탁드립니다. [2]	ㅇㅇ, 110.15	2026-10-07T02:42:47.000Z
/b/cookierun/185182031?p=1	코드	복귀유저 코드 부탁드려요!! [1]	Godarrow	2026-10-06T17:09:55.000Z
/b/cookierun/185181346?p=1	카카오	얼음파도의 탑 파다가 씨발 고혈압으로 뒤질 것 같음 [1]	치킨마요덮밥	2026-10-06T16:55:07.000Z
/b/cookierun/185132299?p=1	잡담	레몬멜론쿠키인지 멜론레몬쿠키인지 쿠키캐인줄 알았는디 [2]	ㅇㅇ, 118.235	2026-10-06T09:33:40.000Z
/b/cookierun/185078978?p=1	창작	쿠키들에게 비키니 입히기 [3]	shinnippori	2026-10-05T16:56:54.000Z
/b/cookierun/185070160?p=1	코드	복귀코드 부탁드립니다ㅠㅠㅠㅠ [3]	ㅇㅇ, 119.204	2026-10-05T14:49:41.000Z
/b/cookierun/185037816?p=1	오븐브레이크	아레나 개빡세노 [8]	Rhdjwjdk	2026-10-05T09:40:30.000Z
/b/cookierun/185030191?p=1	오븐브레이크	데브 시발아 [5]	브라운더스트	2026-10-05T08:18:09.000Z
/b/cookierun/185026994?p=1	코드	복귀유저 코드 부탁드려요!! [2]	ㅇㅇ, 211.246	2026-10-05T07:43:13.000Z
/b/cookierun/184951018?p=1	카카오	랜턴 1개로 백김치 도전 [2]	스스스님	2026-10-04T11:32:55.000Z
/b/cookierun/184946378?p=1	크럼블	보상 쫌 늘려라 제발 [2]	레로레로	2026-10-04T10:49:31.000Z
/b/cookierun/184946291?p=1	질문	카카오 쿠키런 복귀했어 [3]	실버윙이긏	2026-10-04T10:48:43.000Z
/b/cookierun/184933257?p=1	코드	복귀코드가 받고 싶습니다. [2]	ㅇㅇ, 118.235	2026-10-04T08:36:38.000Z
/b/cookierun/184913557?p=1	질문	경험치작 캐릭이랑 보물 뭐씀? [2]	고수가될꺼야	2026-10-04T04:58:41.000Z
/b/cookierun/184905618?p=1	오븐브레이크	산리오 떼탈 3산리오 3에픽 무뇌런(3주차) [2]	인기인	2026-10-04T03:16:36.000Z
/b/cookierun/184901444?p=1	질문	쿠오븐 고수분들 젬 넘치게 하는법좀 알려주세요 ㅠㅠㅠ [6]	초5	2026-10-04T02:15:51.000Z
/b/cookierun/184901342?p=1	카카오	콜라보에 지쳐서 요즘 카쿠 자주하는데 [1]	C_츄비	2026-10-04T02:14:35.000Z
/b/cookierun/184892214?p=1	크럼블	1섭 하나 가요 [2]	스텔라돔	2026-10-03T22:35:07.000Z
/b/cookierun/184862042?p=1	잡담	뭐가 문제일까요 [3]	초5	2026-10-03T12:54:11.000Z
/b/cookierun/184831014?p=1	코드	새싹유저 도와주기 코드줄사람 [1]	ㅇㅇ, 218.154	2026-10-03T07:23:44.000Z
/b/cookierun/184792034?p=1	코드	복귀 코드 주실 분 [5]	ㅇㅇ, 61.82	2026-10-02T18:43:37.000Z
/b/cookierun/184778162?p=1	모험의 탑	왕의 앞에 서지 마라 [5]	브라운더스트	2026-10-02T14:40:36.000Z
/b/cookierun/184768899?p=1	코드	복귀 코드 좀 주실분 ㅠㅠ [2]	ㅇㅇ, 117.111	2026-10-02T13:06:31.000Z
/b/cookierun/184728933?p=1	카카오	망고맛으로 경험치 개많이버네 [1]	shinnippori	2026-10-02T06:16:33.000Z
/b/cookierun/184652181?p=1	오븐브레이크	알룰 빼고 레전쿠 만렙을 찍었다 [11]	아카라이브쿠박이대표	2026-10-01T10:50:12.000Z
/b/cookierun/184632966?p=1	창작	달빛술사쿠키 최면 굴복 교배프레스 [1]	nekosample	2026-10-01T07:49:53.000Z
/b/cookierun/184628671?p=1	코드	복귀유저 초대코드 부탁드립니다 ㅠㅠ! [1]	ㅇㅇ, 125.176	2026-10-01T07:06:37.000Z
