id	date	likes	comments	views	title	author
51966	2026-10-10	3	0	41	경던 오토덱	Barbarossa
51963	2026-10-10	0	4	55	용병 단장과 우유의 전투력	Lua
51947	2026-10-10	0	1	63	아레나 슈가룬 관련 질문	썰트
51926	2026-10-10	0	1	32	뉴비 32-30, 34-30 클리어덱	미소죠
51891	2026-10-10	0	4	254	뽑기 뭐뽑아야해요?	철골사랑나라사랑
51882	2026-10-10	39	18	914	샤르도네 길드토벌전	신비한쿠키사전
51880	2026-10-10	0	0	191	346-30 비겁이 클리어덱	성민성
51817	2026-10-10	8	3	603	길드 토벌전 3.1T 공략	서신우
51790	2026-10-10	0	0	501	일반 스테이지 덱	호쓰
51751	2026-10-10	9	5	1311	아레나 샤르덱 공략	서신우
51742	2026-10-09	1	1	188	352-20 공략:-)	별이꽁
51723	2026-10-09	3	1	323	크럼블 던정 507G 공략	서신우
51708	2026-10-09	21	12	713	크럼블 던전 공략 (2)	뱅국
51703	2026-10-09	5	0	458	[일일던전] 4번 보스 : 코인 던전 (2)	뱅국
51701	2026-10-09	2	0	240	[일일던전] 3번 보스 : 연구석 던전 (2)	뱅국
51698	2026-10-09	0	0	329	[일일던전] 1번 보스 : 경험치 던전 (5)	뱅국
51675	2026-10-09	1	10	244	350-30 공략:-)	별이꽁
51640	2026-10-09	1	2	151	350-10 공략:-)	별이꽁
51634	2026-10-09	2	0	100	349-30 공략:-)	별이꽁
51559	2026-10-09	0	0	111	56-30 비겁한 쿠키 11.2M 최저 투력	j1chu
51514	2026-10-09	10	3	1263	업데이트 이후 스테이지 보스 공략	서신우
51490	2026-10-09	0	2	607	토벌전 덱 공유좀요..	이이인
51471	2026-10-09	0	2	172	348-30 공략:-)	별이꽁
51444	2026-10-09	2	6	151	346-30 공략:-)	별이꽁
51435	2026-10-09	2	12	1357	와...미친.. 프리셋 여태까지 덱 편성에서 설정해야 적용되는지 이제 알았네;;;;;;;;;;;;;	하늘보는
51427	2026-10-09	1	0	93	344-30 공략:-)	별이꽁
51425	2026-10-09	2	0	80	344-20 공략:-)	별이꽁
51424	2026-10-08	2	0	99	344-10 공략:-)	별이꽁
51420	2026-10-08	0	0	96	131-30 비겁 클리어 무과금덱. 	샤넬바디워시
51419	2026-10-08	1	0	47	343-20 공략:-)	별이꽁
51412	2026-10-08	1	0	97	341-30 공략:-)	별이꽁
51408	2026-10-08	1	0	34	341-10 공략:-)	별이꽁
51403	2026-10-08	1	0	72	339-30 공략:-)	별이꽁
51389	2026-10-08	3	0	501	룬결정 던전 불덱 공략	서신우
51385	2026-10-08	3	5	123	337-30 공략:-)	별이꽁
51364	2026-10-08	0	1	114	레벨 14길드 버프길드	zipoo88
51338	2026-10-08	2	0	114	335-30 공략:-)	별이꽁
51337	2026-10-08	1	0	44	335-20 공략:-)	별이꽁
51318	2026-10-08	46	4	2711	나만 알려다 알려주는 스테이지덱	대루대루대루
51311	2026-10-08	48	2	2572	신쿠키 포함한 스테이지 원덱	눈
51307	2026-10-08	1	0	83	334-20 공략:-)	별이꽁
51299	2026-10-08	49	10	3949	샤르도네맛 쿠키 활용, 신규 아레나 추천덱! 상대 진영을 순삭!!	올렐레오로리
51284	2026-10-08	1	0	103	332-30 공략:-)	별이꽁
51260	2026-10-08	1	0	90	332-10 공략:-)	별이꽁
51250	2026-10-08	23	10	3453	스테이지 자동덱 최신 공략	서신우
51226	2026-10-08	1	2	160	330-30 공략:-)	별이꽁
51217	2026-10-08	334	50	5293	10/08 업데이트 이후 슈가룬	신비한쿠키사전
51216	2026-10-08	93	21	2371	328-30 이후 스테이지덱	신비한쿠키사전
51201	2026-10-08	13	2	1090	770층까지 가능한 경험치 던전 자동덱 공략	서신우
51157	2026-10-08	57	28	3328	길드 토벌전 2.5T 공략 (샤르도네)	서신우
51000	2026-10-08	0	8	1754	님들 그거암? 와레나는 강종컨이 가능했다는거	용사맛 쿠키
50926	2026-10-08	4	3	1082	경험치 던전 덱 추천	뿅뿜니
50795	2026-10-07	0	2	394	명중이 뭐에요?	애긔아리
50784	2026-10-07	2	1	653	반죽던전 개꿀공략	악쿠
50703	2026-10-07	0	2	515	크럼블 유저 개꿀팁	크럼블야호
50639	2026-10-07	0	12	146	32-30 조언좀 구합니다	eks
50543	2026-10-07	1	2	665	자동방치 덱 ㅊㅊ해줘잉	Lua
50525	2026-10-07	1	0	132	40-30 비겁한 쿠키	멍멍멍멍
50398	2026-10-07	2	2	514	[내공략 아님]용사맛쿠키님+비쿠님 공략 합친 반죽던전 공략	고기파이
50391	2026-10-07	7	3	791	[고기파이 일던 공략]연구석 던전 최종형태, 반자동 9시덱	고기파이
50388	2026-10-07	0	6	158	뉴비의 32-30 클리어덱	상허닝
50328	2026-10-06	1	5	383	차원의 이면 7단계 쿨링민트 클리어	머핀이
50311	2026-10-06	1	3	194	장비 질문	동동구리
50297	2026-10-06	4	5	587	반죽 마지막 스테이지	용사맛 쿠키
50267	2026-10-06	0	2	207	272-30 비겁이 클리어덱	폼생
50183	2026-10-06	4	6	902	[766스테] 반죽 버그아닌듯 그래도 슈크림 골라라	용사맛 쿠키
50172	2026-10-06	0	3	264	템 고르는거 도와주세요	dhksrl
50062	2026-10-06	1	5	356	심심해서 쓰는 반죽온몸비틀기	게살튀김
50035	2026-10-06	0	0	125	270-30 쿨민 클리어덱	폼생
50007	2026-10-06	1	0	52	38-30 쿨민	멍멍멍멍
49978	2026-10-06	3	1	1099	경험치 던전 종결 2 	하츠
49968	2026-10-06	0	4	679	일주일마다 쿠키 열개씩 내라	용사맛 쿠키
49847	2026-10-05	217	29	5950	일일던전 공략 모음	쿠키키키
49766	2026-10-05	0	0	73	269-10	골드사막
49704	2026-10-05	0	7	177	경젖716층 인데 티켓30장남앗어요 덱좀알려주세요 	벤벡크만
49681	2026-10-05	0	0	57	🛡️ 14Lv 카페인한스푼 239G 연구소13-3! 길드원 마지막 1분 모집합니다! (토벌50G 이상)	뭔디
49630	2026-10-05	0	1	564	5사격 레드베리 잡는 덱	Barbarossa
49540	2026-10-05	0	4	349	328-30 클리어덱	성민성
49521	2026-10-04	3	0	616	룬결정 던전 최신 공략	서신우
49516	2026-10-04	5	0	909	연구석 던전 최신 공략	서신우
49502	2026-10-04	3	0	802	반죽 던전 최신 빌드 공략	서신우
49427	2026-10-04	4	4	1910	🔥쿠키런 크럼블 아레나 1티어 조합 및 공략 공유🔥	동이
49416	2026-10-04	3	0	871	[일일던전] 코인 던전 팁	슈퍼마리오
49390	2026-10-04	2	0	738	차원의 이면 시즌1 비겁한 쿠키 공략 (5단계)	서신우
49382	2026-10-04	0	0	200	새로운 크럼블던전공략좀 올려주실분없나요?	벤벡크만
49319	2026-10-04	8	2	759	[일일던전] 코인던전 팁	비쿠
49310	2026-10-04	0	0	259	267-30 비겁이 클리어덱	폼생
49302	2026-10-04	0	0	61	267-10,20 쥐토바이 트럭 클리어덱	폼생
49276	2026-10-03	2	0	526	323-30 비겁이 클덱	성민성
49275	2026-10-03	0	11	730	이번에 막 시작한 뉴비인데 친구가 없어서 새콤달곰을 못 받고 있습니다.	Kunti
49266	2026-10-03	0	2	667	연구석던전 온몸비틀기 	게살튀김
49254	2026-10-03	2	0	421	차원의 이면 시즌1 폭주단 트럭 공략 (4단계)	서신우
49250	2026-10-03	10	0	862	고기파이 / 연구석 던전 공략(현 644층)	고기파이
49244	2026-10-03	7	0	1153	연구석 던전 개인최적화 방치덱 공유	고성방가로세계정복
49239	2026-10-03	1	0	496	7번 보스 : 레드베리 암살자 (2)	뱅국
49238	2026-10-03	0	0	91	4번 보스 : 망치공주 (2)	뱅국
49192	2026-10-03	4	0	467	차원의 이면 시즌1 망치공주 공략 (3단계)	서신우
49183	2026-10-03	3	0	409	차원의 이면 시즌1 쿨링민트맛 쿠키 공략 (2단계)	서신우
49083	2026-10-03	6	1	413	ㅈ베리 암살자 죽이기 덱 + 방법	뭔디
49082	2026-10-03	0	1	97	328-20 얼음골렘 클리어덱 기록용	나인
49053	2026-10-03	10	28	910	328-30 공략:-)	별이꽁
49032	2026-10-02	4	2	221	326-30 공략:-)	별이꽁
49029	2026-10-02	3	2	110	326-20 공략:-)	별이꽁
49024	2026-10-02	9	1	1189	레드베리 암살자 최신 공략 (326-18)	서신우
49008	2026-10-02	0	0	346	320-30 비겁이 클리어덱	성민성
49007	2026-10-02	14	6	1885	연구석 던전 "가까이 오지마!" 제자리 자동덱	롤로노아
48990	2026-10-02	2	0	128	5번 보스 : 비겁한 쿠키 (2)	뱅국
48978	2026-10-02	4	5	1145	바리공주 2성 아레나!	소금노움
48923	2026-10-02	0	0	320	장비 버그인지 의도된 사항인지 모르겠지만	낑깡
48917	2026-10-02	0	3	807	안녕하세요 스테이지덱 추천	부산청년임
48862	2026-10-02	1	1	162	224-30 비겁이 클리어덱	하나바다
48848	2026-10-02	1	0	561	[임플란트]무(소)과금 완등덱	애훤
48838	2026-10-02	32	4	1486	[영상업로드] 속성으로 뚫는 룬결정던전 (600층 이상 99% 오토덱)	타마타마
48828	2026-10-02	10	3	1387	경험치 던전 716 스테이지 클리어영상	가방은 항상 두개
48808	2026-10-02	61	21	1800	반죽 패치 기념 정리 &gt; 틀린거댓글	용사맛 쿠키
48799	2026-10-02	2	0	387	324-19 선인장거미 클리어덱 기록용	나인
48790	2026-10-02	1	1	502	광제유저 반죽던전 꿀팁	푸죤
48773	2026-10-02	24	12	2593	길드 토벌전 1T 공략	서신우
48764	2026-10-02	3	18	1250	스테이지별 적정 명중 수치	까불면아야한다
48731	2026-10-02	0	0	182	266-30 쿨민 클리어덱	폼생
48705	2026-10-02	32	15	3020	[일일던전] 경험치, 반죽던전 공략	비쿠
48666	2026-10-01	0	1	186	318-2 암살자 클리어 덱	성민성
48662	2026-10-01	1	2	588	[공유방 요청] 이면 폭주단 트럭 기록 (19단계, 23단계)	롤로노아
48619	2026-10-01	7	1	707	반죽 던전 범위덱 공략	서신우
48585	2026-10-01	8	3	1074	코인 던전 연쇄덱 공략	서신우
48571	2026-10-01	0	1	107	202층 쿨링민트	마카롱
48555	2026-10-01	141	14	6362	입문/복귀 유저 권장 가이드	백산
48521	2026-10-01	1	0	98	독수리 2마리 오토덱(300층)	올해는미안해요
48493	2026-10-01	8	10	1311	개인 기록용 스테이지 덱	어싱싱해
48492	2026-10-01	8	5	380	선인장 거미 클리어 조합 및 컨트롤 팁(300층/탄약비)	올해는미안해요
48470	2026-10-01	4	4	805	318 스테이지 레드베리 암살자 덱	머핀이
48436	2026-10-01	5	0	493	코인 던전 700층 공략	서신우
48412	2026-10-01	26	3	1045	[영상업로드] 속성으로 뚫는 반죽던전 (300~600층 이상 99% 오토덱)	타마타마
48376	2026-10-01	82	19	3901	스테이지 간편덱 3개	비쿠
48344	2026-10-01	5	2	834	[일던 개편좀해라] 반죽 717,  연구석 676, 코인 708	용사맛 쿠키
48303	2026-10-01	22	9	1614	경험치 던전 (경던) 나만의 공략 - 손컨 필요	쿠크다스s004
48282	2026-10-01	5	3	998	[영상업로드] 속성으로 뚫는 코인던전 (300~600층 이상 8-90% 오토덱)	타마타마
48211	2026-09-30	6	2	398	323-30 공략:-)	별이꽁
48205	2026-09-30	2	2	126	323-10 공략:-)	별이꽁
48201	2026-09-30	2	0	134	322-30 공략:-)	별이꽁
48186	2026-09-30	0	1	275	스테이지.크럼블 덱 좀 짜주세요	새하얀야미호
48174	2026-09-30	1	0	981	(약팔이 주의) 경험치 던전 유령펫 사용	동농까마귀
48140	2026-09-30	5	7	297	321-30 공략:-)	별이꽁
48138	2026-09-30	0	1	71	195층 비겁이	마카롱
48127	2026-09-30	15	7	1527	코인던전 새로운 꿀덱	도덕킹
48104	2026-09-30	1	0	248	315-30 비겁한쿠키	질퍽이와메타몽의차이
48076	2026-09-30	35	12	2840	경험치 던전 노컨덱(630층 이상)	튜브1919
48067	2026-09-30	6	11	2316	아레나 최신 시커덱 공략	서신우
48033	2026-09-30	1	1	650	차원 이면 케이크 들개떼 클리어영상	롤로노아
48026	2026-09-30	4	5	319	320-30 공략:-)	별이꽁
